"Type","Source","Destination","Size (Bytes)","Alt Text","Anchor","Status Code","Status","Follow","Target","Rel","Path Type","Link Path","Link Position","Link Origin"
"JavaScript","https://www.dembitskyi.com/uk","https://www.dembitskyi.com/_next/static/chunks/fd7c8321135e1068.js","0","","","0","Blocked by robots.txt","true","","","Root-Relative","//head/script[11]","Head","HTML"
"JavaScript","https://www.dembitskyi.com/uk/cases","https://www.dembitskyi.com/_next/static/chunks/fd7c8321135e1068.js","0","","","0","Blocked by robots.txt","true","","","Root-Relative","//head/script[11]","Head","HTML"
"JavaScript","https://www.dembitskyi.com/uk/package-service/anti-age-kompleks","https://www.dembitskyi.com/_next/static/chunks/fd7c8321135e1068.js","0","","","0","Blocked by robots.txt","true","","","Root-Relative","//head/script[11]","Head","HTML"
"JavaScript","https://www.dembitskyi.com/uk/package-service/mommy-makeover","https://www.dembitskyi.com/_next/static/chunks/fd7c8321135e1068.js","0","","","0","Blocked by robots.txt","true","","","Root-Relative","//head/script[11]","Head","HTML"
"JavaScript","https://www.dembitskyi.com/uk/package-service/plaskij-zhivit","https://www.dembitskyi.com/_next/static/chunks/fd7c8321135e1068.js","0","","","0","Blocked by robots.txt","true","","","Root-Relative","//head/script[11]","Head","HTML"
"JavaScript","https://www.dembitskyi.com/uk/blog","https://www.dembitskyi.com/_next/static/chunks/fd7c8321135e1068.js","0","","","0","Blocked by robots.txt","true","","","Root-Relative","//head/script[11]","Head","HTML"
"JavaScript","https://www.dembitskyi.com/uk/cases/likuvannya-varikoznoyi-hvorobi-nizhnoyi-kinczivki","https://www.dembitskyi.com/_next/static/chunks/fd7c8321135e1068.js","0","","","0","Blocked by robots.txt","true","","","Root-Relative","//head/script[11]","Head","HTML"
"JavaScript","https://www.dembitskyi.com/uk/package-service/vidkritij-poglyad","https://www.dembitskyi.com/_next/static/chunks/fd7c8321135e1068.js","0","","","0","Blocked by robots.txt","true","","","Root-Relative","//head/script[11]","Head","HTML"
"JavaScript","https://www.dembitskyi.com/uk/about","https://www.dembitskyi.com/_next/static/chunks/fd7c8321135e1068.js","0","","","0","Blocked by robots.txt","true","","","Root-Relative","//head/script[11]","Head","HTML"
"JavaScript","https://www.dembitskyi.com/uk/package-service/legkist-i-krasa-nig","https://www.dembitskyi.com/_next/static/chunks/fd7c8321135e1068.js","0","","","0","Blocked by robots.txt","true","","","Root-Relative","//head/script[11]","Head","HTML"
"JavaScript","https://www.dembitskyi.com/uk/contacts","https://www.dembitskyi.com/_next/static/chunks/fd7c8321135e1068.js","0","","","0","Blocked by robots.txt","true","","","Root-Relative","//head/script[11]","Head","HTML"
"JavaScript","https://www.dembitskyi.com/uk/services","https://www.dembitskyi.com/_next/static/chunks/fd7c8321135e1068.js","0","","","0","Blocked by robots.txt","true","","","Root-Relative","//head/script[11]","Head","HTML"
"JavaScript","https://www.dembitskyi.com/uk/services/botuinoterapiya","https://www.dembitskyi.com/_next/static/chunks/fd7c8321135e1068.js","0","","","0","Blocked by robots.txt","true","","","Root-Relative","//head/script[11]","Head","HTML"
"JavaScript","https://www.dembitskyi.com/uk/services/pidtyazhka-verhnih-i-nizhnih-kinczivok","https://www.dembitskyi.com/_next/static/chunks/fd7c8321135e1068.js","0","","","0","Blocked by robots.txt","true","","","Root-Relative","//head/script[11]","Head","HTML"
"JavaScript","https://www.dembitskyi.com/uk/services/blefaroplastika","https://www.dembitskyi.com/_next/static/chunks/fd7c8321135e1068.js","0","","","0","Blocked by robots.txt","true","","","Root-Relative","//head/script[11]","Head","HTML"
"JavaScript","https://www.dembitskyi.com/uk/services/fileri-na-osnovi-negialuronovih-spoluk","https://www.dembitskyi.com/_next/static/chunks/fd7c8321135e1068.js","0","","","0","Blocked by robots.txt","true","","","Root-Relative","//head/script[11]","Head","HTML"
"JavaScript","https://www.dembitskyi.com/uk/services/minifleboktomiya","https://www.dembitskyi.com/_next/static/chunks/fd7c8321135e1068.js","0","","","0","Blocked by robots.txt","true","","","Root-Relative","//head/script[11]","Head","HTML"
"JavaScript","https://www.dembitskyi.com/uk/services/skleroobliteracziya","https://www.dembitskyi.com/_next/static/chunks/fd7c8321135e1068.js","0","","","0","Blocked by robots.txt","true","","","Root-Relative","//head/script[11]","Head","HTML"
"JavaScript","https://www.dembitskyi.com/uk/services/mamoplastika","https://www.dembitskyi.com/_next/static/chunks/fd7c8321135e1068.js","0","","","0","Blocked by robots.txt","true","","","Root-Relative","//head/script[11]","Head","HTML"
"JavaScript","https://www.dembitskyi.com/uk/services/pidtyazhka-oblichchya","https://www.dembitskyi.com/_next/static/chunks/fd7c8321135e1068.js","0","","","0","Blocked by robots.txt","true","","","Root-Relative","//head/script[11]","Head","HTML"
"JavaScript","https://www.dembitskyi.com/uk/services/fileri","https://www.dembitskyi.com/_next/static/chunks/fd7c8321135e1068.js","0","","","0","Blocked by robots.txt","true","","","Root-Relative","//head/script[11]","Head","HTML"
"JavaScript","https://www.dembitskyi.com/uk/services/likuvannya-varikozu-lazerom","https://www.dembitskyi.com/_next/static/chunks/fd7c8321135e1068.js","0","","","0","Blocked by robots.txt","true","","","Root-Relative","//head/script[11]","Head","HTML"
"JavaScript","https://www.dembitskyi.com/uk/services/liposakcziya","https://www.dembitskyi.com/_next/static/chunks/fd7c8321135e1068.js","0","","","0","Blocked by robots.txt","true","","","Root-Relative","//head/script[11]","Head","HTML"
"JavaScript","https://www.dembitskyi.com/uk/services/abdominoplastika","https://www.dembitskyi.com/_next/static/chunks/fd7c8321135e1068.js","0","","","0","Blocked by robots.txt","true","","","Root-Relative","//head/script[11]","Head","HTML"
"CSS","https://www.dembitskyi.com/uk","https://www.dembitskyi.com/_next/static/chunks/be8d9b825eb8e702.css","0","","","0","Blocked by robots.txt","true","","","Root-Relative","//head/link[2]","Head","HTML"
"CSS","https://www.dembitskyi.com/uk/cases","https://www.dembitskyi.com/_next/static/chunks/be8d9b825eb8e702.css","0","","","0","Blocked by robots.txt","true","","","Root-Relative","//head/link[1]","Head","HTML"
"CSS","https://www.dembitskyi.com/uk/package-service/anti-age-kompleks","https://www.dembitskyi.com/_next/static/chunks/be8d9b825eb8e702.css","0","","","0","Blocked by robots.txt","true","","","Root-Relative","//head/link[1]","Head","HTML"
"CSS","https://www.dembitskyi.com/uk/package-service/mommy-makeover","https://www.dembitskyi.com/_next/static/chunks/be8d9b825eb8e702.css","0","","","0","Blocked by robots.txt","true","","","Root-Relative","//head/link[1]","Head","HTML"
"CSS","https://www.dembitskyi.com/uk/package-service/plaskij-zhivit","https://www.dembitskyi.com/_next/static/chunks/be8d9b825eb8e702.css","0","","","0","Blocked by robots.txt","true","","","Root-Relative","//head/link[1]","Head","HTML"
"CSS","https://www.dembitskyi.com/uk/blog","https://www.dembitskyi.com/_next/static/chunks/be8d9b825eb8e702.css","0","","","0","Blocked by robots.txt","true","","","Root-Relative","//head/link[1]","Head","HTML"
"CSS","https://www.dembitskyi.com/uk/cases/likuvannya-varikoznoyi-hvorobi-nizhnoyi-kinczivki","https://www.dembitskyi.com/_next/static/chunks/be8d9b825eb8e702.css","0","","","0","Blocked by robots.txt","true","","","Root-Relative","//head/link[1]","Head","HTML"
"CSS","https://www.dembitskyi.com/uk/package-service/vidkritij-poglyad","https://www.dembitskyi.com/_next/static/chunks/be8d9b825eb8e702.css","0","","","0","Blocked by robots.txt","true","","","Root-Relative","//head/link[1]","Head","HTML"
"CSS","https://www.dembitskyi.com/uk/about","https://www.dembitskyi.com/_next/static/chunks/be8d9b825eb8e702.css","0","","","0","Blocked by robots.txt","true","","","Root-Relative","//head/link[2]","Head","HTML"
"CSS","https://www.dembitskyi.com/uk/package-service/legkist-i-krasa-nig","https://www.dembitskyi.com/_next/static/chunks/be8d9b825eb8e702.css","0","","","0","Blocked by robots.txt","true","","","Root-Relative","//head/link[1]","Head","HTML"
"CSS","https://www.dembitskyi.com/uk/contacts","https://www.dembitskyi.com/_next/static/chunks/be8d9b825eb8e702.css","0","","","0","Blocked by robots.txt","true","","","Root-Relative","//head/link[1]","Head","HTML"
"CSS","https://www.dembitskyi.com/uk/services","https://www.dembitskyi.com/_next/static/chunks/be8d9b825eb8e702.css","0","","","0","Blocked by robots.txt","true","","","Root-Relative","//head/link[1]","Head","HTML"
"CSS","https://www.dembitskyi.com/uk/services/botuinoterapiya","https://www.dembitskyi.com/_next/static/chunks/be8d9b825eb8e702.css","0","","","0","Blocked by robots.txt","true","","","Root-Relative","//head/link[1]","Head","HTML"
"CSS","https://www.dembitskyi.com/uk/services/pidtyazhka-verhnih-i-nizhnih-kinczivok","https://www.dembitskyi.com/_next/static/chunks/be8d9b825eb8e702.css","0","","","0","Blocked by robots.txt","true","","","Root-Relative","//head/link[1]","Head","HTML"
"CSS","https://www.dembitskyi.com/uk/services/blefaroplastika","https://www.dembitskyi.com/_next/static/chunks/be8d9b825eb8e702.css","0","","","0","Blocked by robots.txt","true","","","Root-Relative","//head/link[1]","Head","HTML"
"CSS","https://www.dembitskyi.com/uk/services/fileri-na-osnovi-negialuronovih-spoluk","https://www.dembitskyi.com/_next/static/chunks/be8d9b825eb8e702.css","0","","","0","Blocked by robots.txt","true","","","Root-Relative","//head/link[1]","Head","HTML"
"CSS","https://www.dembitskyi.com/uk/services/minifleboktomiya","https://www.dembitskyi.com/_next/static/chunks/be8d9b825eb8e702.css","0","","","0","Blocked by robots.txt","true","","","Root-Relative","//head/link[1]","Head","HTML"
"CSS","https://www.dembitskyi.com/uk/services/skleroobliteracziya","https://www.dembitskyi.com/_next/static/chunks/be8d9b825eb8e702.css","0","","","0","Blocked by robots.txt","true","","","Root-Relative","//head/link[1]","Head","HTML"
"CSS","https://www.dembitskyi.com/uk/services/mamoplastika","https://www.dembitskyi.com/_next/static/chunks/be8d9b825eb8e702.css","0","","","0","Blocked by robots.txt","true","","","Root-Relative","//head/link[1]","Head","HTML"
"CSS","https://www.dembitskyi.com/uk/services/pidtyazhka-oblichchya","https://www.dembitskyi.com/_next/static/chunks/be8d9b825eb8e702.css","0","","","0","Blocked by robots.txt","true","","","Root-Relative","//head/link[1]","Head","HTML"
"CSS","https://www.dembitskyi.com/uk/services/fileri","https://www.dembitskyi.com/_next/static/chunks/be8d9b825eb8e702.css","0","","","0","Blocked by robots.txt","true","","","Root-Relative","//head/link[1]","Head","HTML"
"CSS","https://www.dembitskyi.com/uk/services/likuvannya-varikozu-lazerom","https://www.dembitskyi.com/_next/static/chunks/be8d9b825eb8e702.css","0","","","0","Blocked by robots.txt","true","","","Root-Relative","//head/link[1]","Head","HTML"
"CSS","https://www.dembitskyi.com/uk/services/liposakcziya","https://www.dembitskyi.com/_next/static/chunks/be8d9b825eb8e702.css","0","","","0","Blocked by robots.txt","true","","","Root-Relative","//head/link[1]","Head","HTML"
"CSS","https://www.dembitskyi.com/uk/services/abdominoplastika","https://www.dembitskyi.com/_next/static/chunks/be8d9b825eb8e702.css","0","","","0","Blocked by robots.txt","true","","","Root-Relative","//head/link[1]","Head","HTML"
"JavaScript","https://www.dembitskyi.com/uk","https://www.dembitskyi.com/_next/static/chunks/4739f2f94136ed26.js","0","","","0","Blocked by robots.txt","true","","","Root-Relative","//head/script[10]","Head","HTML"
"JavaScript","https://www.dembitskyi.com/uk/cases","https://www.dembitskyi.com/_next/static/chunks/4739f2f94136ed26.js","0","","","0","Blocked by robots.txt","true","","","Root-Relative","//head/script[10]","Head","HTML"
"JavaScript","https://www.dembitskyi.com/uk/package-service/anti-age-kompleks","https://www.dembitskyi.com/_next/static/chunks/4739f2f94136ed26.js","0","","","0","Blocked by robots.txt","true","","","Root-Relative","//head/script[10]","Head","HTML"
"JavaScript","https://www.dembitskyi.com/uk/package-service/mommy-makeover","https://www.dembitskyi.com/_next/static/chunks/4739f2f94136ed26.js","0","","","0","Blocked by robots.txt","true","","","Root-Relative","//head/script[10]","Head","HTML"
"JavaScript","https://www.dembitskyi.com/uk/package-service/plaskij-zhivit","https://www.dembitskyi.com/_next/static/chunks/4739f2f94136ed26.js","0","","","0","Blocked by robots.txt","true","","","Root-Relative","//head/script[10]","Head","HTML"
"JavaScript","https://www.dembitskyi.com/uk/blog","https://www.dembitskyi.com/_next/static/chunks/4739f2f94136ed26.js","0","","","0","Blocked by robots.txt","true","","","Root-Relative","//head/script[10]","Head","HTML"
"JavaScript","https://www.dembitskyi.com/uk/cases/likuvannya-varikoznoyi-hvorobi-nizhnoyi-kinczivki","https://www.dembitskyi.com/_next/static/chunks/4739f2f94136ed26.js","0","","","0","Blocked by robots.txt","true","","","Root-Relative","//head/script[10]","Head","HTML"
"JavaScript","https://www.dembitskyi.com/uk/package-service/vidkritij-poglyad","https://www.dembitskyi.com/_next/static/chunks/4739f2f94136ed26.js","0","","","0","Blocked by robots.txt","true","","","Root-Relative","//head/script[10]","Head","HTML"
"JavaScript","https://www.dembitskyi.com/uk/about","https://www.dembitskyi.com/_next/static/chunks/4739f2f94136ed26.js","0","","","0","Blocked by robots.txt","true","","","Root-Relative","//head/script[10]","Head","HTML"
"JavaScript","https://www.dembitskyi.com/uk/package-service/legkist-i-krasa-nig","https://www.dembitskyi.com/_next/static/chunks/4739f2f94136ed26.js","0","","","0","Blocked by robots.txt","true","","","Root-Relative","//head/script[10]","Head","HTML"
"JavaScript","https://www.dembitskyi.com/uk/contacts","https://www.dembitskyi.com/_next/static/chunks/4739f2f94136ed26.js","0","","","0","Blocked by robots.txt","true","","","Root-Relative","//head/script[10]","Head","HTML"
"JavaScript","https://www.dembitskyi.com/uk/services","https://www.dembitskyi.com/_next/static/chunks/4739f2f94136ed26.js","0","","","0","Blocked by robots.txt","true","","","Root-Relative","//head/script[10]","Head","HTML"
"JavaScript","https://www.dembitskyi.com/uk/services/botuinoterapiya","https://www.dembitskyi.com/_next/static/chunks/4739f2f94136ed26.js","0","","","0","Blocked by robots.txt","true","","","Root-Relative","//head/script[10]","Head","HTML"
"JavaScript","https://www.dembitskyi.com/uk/services/pidtyazhka-verhnih-i-nizhnih-kinczivok","https://www.dembitskyi.com/_next/static/chunks/4739f2f94136ed26.js","0","","","0","Blocked by robots.txt","true","","","Root-Relative","//head/script[10]","Head","HTML"
"JavaScript","https://www.dembitskyi.com/uk/services/blefaroplastika","https://www.dembitskyi.com/_next/static/chunks/4739f2f94136ed26.js","0","","","0","Blocked by robots.txt","true","","","Root-Relative","//head/script[10]","Head","HTML"
"JavaScript","https://www.dembitskyi.com/uk/services/fileri-na-osnovi-negialuronovih-spoluk","https://www.dembitskyi.com/_next/static/chunks/4739f2f94136ed26.js","0","","","0","Blocked by robots.txt","true","","","Root-Relative","//head/script[10]","Head","HTML"
"JavaScript","https://www.dembitskyi.com/uk/services/minifleboktomiya","https://www.dembitskyi.com/_next/static/chunks/4739f2f94136ed26.js","0","","","0","Blocked by robots.txt","true","","","Root-Relative","//head/script[10]","Head","HTML"
"JavaScript","https://www.dembitskyi.com/uk/services/skleroobliteracziya","https://www.dembitskyi.com/_next/static/chunks/4739f2f94136ed26.js","0","","","0","Blocked by robots.txt","true","","","Root-Relative","//head/script[10]","Head","HTML"
"JavaScript","https://www.dembitskyi.com/uk/services/mamoplastika","https://www.dembitskyi.com/_next/static/chunks/4739f2f94136ed26.js","0","","","0","Blocked by robots.txt","true","","","Root-Relative","//head/script[10]","Head","HTML"
"JavaScript","https://www.dembitskyi.com/uk/services/pidtyazhka-oblichchya","https://www.dembitskyi.com/_next/static/chunks/4739f2f94136ed26.js","0","","","0","Blocked by robots.txt","true","","","Root-Relative","//head/script[10]","Head","HTML"
"JavaScript","https://www.dembitskyi.com/uk/services/fileri","https://www.dembitskyi.com/_next/static/chunks/4739f2f94136ed26.js","0","","","0","Blocked by robots.txt","true","","","Root-Relative","//head/script[10]","Head","HTML"
"JavaScript","https://www.dembitskyi.com/uk/services/likuvannya-varikozu-lazerom","https://www.dembitskyi.com/_next/static/chunks/4739f2f94136ed26.js","0","","","0","Blocked by robots.txt","true","","","Root-Relative","//head/script[10]","Head","HTML"
"JavaScript","https://www.dembitskyi.com/uk/services/liposakcziya","https://www.dembitskyi.com/_next/static/chunks/4739f2f94136ed26.js","0","","","0","Blocked by robots.txt","true","","","Root-Relative","//head/script[10]","Head","HTML"
"JavaScript","https://www.dembitskyi.com/uk/services/abdominoplastika","https://www.dembitskyi.com/_next/static/chunks/4739f2f94136ed26.js","0","","","0","Blocked by robots.txt","true","","","Root-Relative","//head/script[10]","Head","HTML"
"Image","https://www.dembitskyi.com/uk","https://www.dembitskyi.com/_next/image?url=%2Fimages%2Fimage%2042%20(Traced).png&w=3840&q=75","0","CTA Section Background","","0","Blocked by robots.txt","true","","","Root-Relative","//body/div[3]/main/section[3]/div[1]/img","Content","HTML"
"Image","https://www.dembitskyi.com/uk/blog","https://www.dembitskyi.com/_next/image?url=%2Fimages%2Fimage%2042%20(Traced).png&w=3840&q=75","0","CTA Section Background","","0","Blocked by robots.txt","true","","","Root-Relative","//body/div[3]/main/main/section/div[1]/img","Content","HTML"
"JavaScript","https://www.dembitskyi.com/uk","https://www.dembitskyi.com/_next/static/chunks/4848648da98eccef.js","0","","","0","Blocked by robots.txt","true","","","Root-Relative","//head/script[17]","Head","HTML"
"JavaScript","https://www.dembitskyi.com/uk/services","https://www.dembitskyi.com/_next/static/chunks/4848648da98eccef.js","0","","","0","Blocked by robots.txt","true","","","Root-Relative","//head/script[16]","Head","HTML"
"JavaScript","https://www.dembitskyi.com/uk","https://www.dembitskyi.com/_next/static/chunks/226f9d0f6a43b85d.js","0","","","0","Blocked by robots.txt","true","","","Root-Relative","//head/script[6]","Head","HTML"
"JavaScript","https://www.dembitskyi.com/uk/cases","https://www.dembitskyi.com/_next/static/chunks/226f9d0f6a43b85d.js","0","","","0","Blocked by robots.txt","true","","","Root-Relative","//head/script[6]","Head","HTML"
"JavaScript","https://www.dembitskyi.com/uk/package-service/anti-age-kompleks","https://www.dembitskyi.com/_next/static/chunks/226f9d0f6a43b85d.js","0","","","0","Blocked by robots.txt","true","","","Root-Relative","//head/script[6]","Head","HTML"
"JavaScript","https://www.dembitskyi.com/uk/package-service/mommy-makeover","https://www.dembitskyi.com/_next/static/chunks/226f9d0f6a43b85d.js","0","","","0","Blocked by robots.txt","true","","","Root-Relative","//head/script[6]","Head","HTML"
"JavaScript","https://www.dembitskyi.com/uk/package-service/plaskij-zhivit","https://www.dembitskyi.com/_next/static/chunks/226f9d0f6a43b85d.js","0","","","0","Blocked by robots.txt","true","","","Root-Relative","//head/script[6]","Head","HTML"
"JavaScript","https://www.dembitskyi.com/uk/blog","https://www.dembitskyi.com/_next/static/chunks/226f9d0f6a43b85d.js","0","","","0","Blocked by robots.txt","true","","","Root-Relative","//head/script[6]","Head","HTML"
"JavaScript","https://www.dembitskyi.com/uk/cases/likuvannya-varikoznoyi-hvorobi-nizhnoyi-kinczivki","https://www.dembitskyi.com/_next/static/chunks/226f9d0f6a43b85d.js","0","","","0","Blocked by robots.txt","true","","","Root-Relative","//head/script[6]","Head","HTML"
"JavaScript","https://www.dembitskyi.com/uk/package-service/vidkritij-poglyad","https://www.dembitskyi.com/_next/static/chunks/226f9d0f6a43b85d.js","0","","","0","Blocked by robots.txt","true","","","Root-Relative","//head/script[6]","Head","HTML"
"JavaScript","https://www.dembitskyi.com/uk/about","https://www.dembitskyi.com/_next/static/chunks/226f9d0f6a43b85d.js","0","","","0","Blocked by robots.txt","true","","","Root-Relative","//head/script[6]","Head","HTML"
"JavaScript","https://www.dembitskyi.com/uk/package-service/legkist-i-krasa-nig","https://www.dembitskyi.com/_next/static/chunks/226f9d0f6a43b85d.js","0","","","0","Blocked by robots.txt","true","","","Root-Relative","//head/script[6]","Head","HTML"
"JavaScript","https://www.dembitskyi.com/uk/contacts","https://www.dembitskyi.com/_next/static/chunks/226f9d0f6a43b85d.js","0","","","0","Blocked by robots.txt","true","","","Root-Relative","//head/script[6]","Head","HTML"
"JavaScript","https://www.dembitskyi.com/uk/services","https://www.dembitskyi.com/_next/static/chunks/226f9d0f6a43b85d.js","0","","","0","Blocked by robots.txt","true","","","Root-Relative","//head/script[6]","Head","HTML"
"JavaScript","https://www.dembitskyi.com/uk/services/botuinoterapiya","https://www.dembitskyi.com/_next/static/chunks/226f9d0f6a43b85d.js","0","","","0","Blocked by robots.txt","true","","","Root-Relative","//head/script[6]","Head","HTML"
"JavaScript","https://www.dembitskyi.com/uk/services/pidtyazhka-verhnih-i-nizhnih-kinczivok","https://www.dembitskyi.com/_next/static/chunks/226f9d0f6a43b85d.js","0","","","0","Blocked by robots.txt","true","","","Root-Relative","//head/script[6]","Head","HTML"
"JavaScript","https://www.dembitskyi.com/uk/services/blefaroplastika","https://www.dembitskyi.com/_next/static/chunks/226f9d0f6a43b85d.js","0","","","0","Blocked by robots.txt","true","","","Root-Relative","//head/script[6]","Head","HTML"
"JavaScript","https://www.dembitskyi.com/uk/services/fileri-na-osnovi-negialuronovih-spoluk","https://www.dembitskyi.com/_next/static/chunks/226f9d0f6a43b85d.js","0","","","0","Blocked by robots.txt","true","","","Root-Relative","//head/script[6]","Head","HTML"
"JavaScript","https://www.dembitskyi.com/uk/services/minifleboktomiya","https://www.dembitskyi.com/_next/static/chunks/226f9d0f6a43b85d.js","0","","","0","Blocked by robots.txt","true","","","Root-Relative","//head/script[6]","Head","HTML"
"JavaScript","https://www.dembitskyi.com/uk/services/skleroobliteracziya","https://www.dembitskyi.com/_next/static/chunks/226f9d0f6a43b85d.js","0","","","0","Blocked by robots.txt","true","","","Root-Relative","//head/script[6]","Head","HTML"
"JavaScript","https://www.dembitskyi.com/uk/services/mamoplastika","https://www.dembitskyi.com/_next/static/chunks/226f9d0f6a43b85d.js","0","","","0","Blocked by robots.txt","true","","","Root-Relative","//head/script[6]","Head","HTML"
"JavaScript","https://www.dembitskyi.com/uk/services/pidtyazhka-oblichchya","https://www.dembitskyi.com/_next/static/chunks/226f9d0f6a43b85d.js","0","","","0","Blocked by robots.txt","true","","","Root-Relative","//head/script[6]","Head","HTML"
"JavaScript","https://www.dembitskyi.com/uk/services/fileri","https://www.dembitskyi.com/_next/static/chunks/226f9d0f6a43b85d.js","0","","","0","Blocked by robots.txt","true","","","Root-Relative","//head/script[6]","Head","HTML"
"JavaScript","https://www.dembitskyi.com/uk/services/likuvannya-varikozu-lazerom","https://www.dembitskyi.com/_next/static/chunks/226f9d0f6a43b85d.js","0","","","0","Blocked by robots.txt","true","","","Root-Relative","//head/script[6]","Head","HTML"
"JavaScript","https://www.dembitskyi.com/uk/services/liposakcziya","https://www.dembitskyi.com/_next/static/chunks/226f9d0f6a43b85d.js","0","","","0","Blocked by robots.txt","true","","","Root-Relative","//head/script[6]","Head","HTML"
"JavaScript","https://www.dembitskyi.com/uk/services/abdominoplastika","https://www.dembitskyi.com/_next/static/chunks/226f9d0f6a43b85d.js","0","","","0","Blocked by robots.txt","true","","","Root-Relative","//head/script[6]","Head","HTML"
"CSS","https://www.dembitskyi.com/uk","https://www.dembitskyi.com/_next/static/chunks/c72f15bea8a9394f.css","0","","","0","Blocked by robots.txt","true","","","Root-Relative","//head/link[3]","Head","HTML"
"CSS","https://www.dembitskyi.com/uk/cases","https://www.dembitskyi.com/_next/static/chunks/c72f15bea8a9394f.css","0","","","0","Blocked by robots.txt","true","","","Root-Relative","//head/link[2]","Head","HTML"
"CSS","https://www.dembitskyi.com/uk/services/botuinoterapiya","https://www.dembitskyi.com/_next/static/chunks/c72f15bea8a9394f.css","0","","","0","Blocked by robots.txt","true","","","Root-Relative","//head/link[2]","Head","HTML"
"CSS","https://www.dembitskyi.com/uk/services/pidtyazhka-verhnih-i-nizhnih-kinczivok","https://www.dembitskyi.com/_next/static/chunks/c72f15bea8a9394f.css","0","","","0","Blocked by robots.txt","true","","","Root-Relative","//head/link[2]","Head","HTML"
"CSS","https://www.dembitskyi.com/uk/services/blefaroplastika","https://www.dembitskyi.com/_next/static/chunks/c72f15bea8a9394f.css","0","","","0","Blocked by robots.txt","true","","","Root-Relative","//head/link[2]","Head","HTML"
"CSS","https://www.dembitskyi.com/uk/services/fileri-na-osnovi-negialuronovih-spoluk","https://www.dembitskyi.com/_next/static/chunks/c72f15bea8a9394f.css","0","","","0","Blocked by robots.txt","true","","","Root-Relative","//head/link[2]","Head","HTML"
"CSS","https://www.dembitskyi.com/uk/services/minifleboktomiya","https://www.dembitskyi.com/_next/static/chunks/c72f15bea8a9394f.css","0","","","0","Blocked by robots.txt","true","","","Root-Relative","//head/link[2]","Head","HTML"
"CSS","https://www.dembitskyi.com/uk/services/skleroobliteracziya","https://www.dembitskyi.com/_next/static/chunks/c72f15bea8a9394f.css","0","","","0","Blocked by robots.txt","true","","","Root-Relative","//head/link[2]","Head","HTML"
"CSS","https://www.dembitskyi.com/uk/services/mamoplastika","https://www.dembitskyi.com/_next/static/chunks/c72f15bea8a9394f.css","0","","","0","Blocked by robots.txt","true","","","Root-Relative","//head/link[2]","Head","HTML"
"CSS","https://www.dembitskyi.com/uk/services/pidtyazhka-oblichchya","https://www.dembitskyi.com/_next/static/chunks/c72f15bea8a9394f.css","0","","","0","Blocked by robots.txt","true","","","Root-Relative","//head/link[2]","Head","HTML"
"CSS","https://www.dembitskyi.com/uk/services/fileri","https://www.dembitskyi.com/_next/static/chunks/c72f15bea8a9394f.css","0","","","0","Blocked by robots.txt","true","","","Root-Relative","//head/link[2]","Head","HTML"
"CSS","https://www.dembitskyi.com/uk/services/likuvannya-varikozu-lazerom","https://www.dembitskyi.com/_next/static/chunks/c72f15bea8a9394f.css","0","","","0","Blocked by robots.txt","true","","","Root-Relative","//head/link[2]","Head","HTML"
"CSS","https://www.dembitskyi.com/uk/services/liposakcziya","https://www.dembitskyi.com/_next/static/chunks/c72f15bea8a9394f.css","0","","","0","Blocked by robots.txt","true","","","Root-Relative","//head/link[2]","Head","HTML"
"CSS","https://www.dembitskyi.com/uk/services/abdominoplastika","https://www.dembitskyi.com/_next/static/chunks/c72f15bea8a9394f.css","0","","","0","Blocked by robots.txt","true","","","Root-Relative","//head/link[2]","Head","HTML"
"JavaScript","https://www.dembitskyi.com/uk","https://www.dembitskyi.com/_next/static/chunks/a6dad97d9634a72d.js","0","","","0","Blocked by robots.txt","true","","","Root-Relative","//head/script[18]","Head","HTML"
"JavaScript","https://www.dembitskyi.com/uk/cases","https://www.dembitskyi.com/_next/static/chunks/a6dad97d9634a72d.js","0","","","0","Blocked by robots.txt","true","","","Root-Relative","//head/script[17]","Head","HTML"
"JavaScript","https://www.dembitskyi.com/uk/package-service/anti-age-kompleks","https://www.dembitskyi.com/_next/static/chunks/a6dad97d9634a72d.js","0","","","0","Blocked by robots.txt","true","","","Root-Relative","//head/script[16]","Head","HTML"
"JavaScript","https://www.dembitskyi.com/uk/package-service/mommy-makeover","https://www.dembitskyi.com/_next/static/chunks/a6dad97d9634a72d.js","0","","","0","Blocked by robots.txt","true","","","Root-Relative","//head/script[16]","Head","HTML"
"JavaScript","https://www.dembitskyi.com/uk/package-service/plaskij-zhivit","https://www.dembitskyi.com/_next/static/chunks/a6dad97d9634a72d.js","0","","","0","Blocked by robots.txt","true","","","Root-Relative","//head/script[16]","Head","HTML"
"JavaScript","https://www.dembitskyi.com/uk/blog","https://www.dembitskyi.com/_next/static/chunks/a6dad97d9634a72d.js","0","","","0","Blocked by robots.txt","true","","","Root-Relative","//head/script[16]","Head","HTML"
"JavaScript","https://www.dembitskyi.com/uk/cases/likuvannya-varikoznoyi-hvorobi-nizhnoyi-kinczivki","https://www.dembitskyi.com/_next/static/chunks/a6dad97d9634a72d.js","0","","","0","Blocked by robots.txt","true","","","Root-Relative","//head/script[16]","Head","HTML"
"JavaScript","https://www.dembitskyi.com/uk/package-service/vidkritij-poglyad","https://www.dembitskyi.com/_next/static/chunks/a6dad97d9634a72d.js","0","","","0","Blocked by robots.txt","true","","","Root-Relative","//head/script[16]","Head","HTML"
"JavaScript","https://www.dembitskyi.com/uk/about","https://www.dembitskyi.com/_next/static/chunks/a6dad97d9634a72d.js","0","","","0","Blocked by robots.txt","true","","","Root-Relative","//head/script[16]","Head","HTML"
"JavaScript","https://www.dembitskyi.com/uk/package-service/legkist-i-krasa-nig","https://www.dembitskyi.com/_next/static/chunks/a6dad97d9634a72d.js","0","","","0","Blocked by robots.txt","true","","","Root-Relative","//head/script[16]","Head","HTML"
"JavaScript","https://www.dembitskyi.com/uk/contacts","https://www.dembitskyi.com/_next/static/chunks/a6dad97d9634a72d.js","0","","","0","Blocked by robots.txt","true","","","Root-Relative","//head/script[16]","Head","HTML"
"JavaScript","https://www.dembitskyi.com/uk/services","https://www.dembitskyi.com/_next/static/chunks/a6dad97d9634a72d.js","0","","","0","Blocked by robots.txt","true","","","Root-Relative","//head/script[17]","Head","HTML"
"JavaScript","https://www.dembitskyi.com/uk/services/botuinoterapiya","https://www.dembitskyi.com/_next/static/chunks/a6dad97d9634a72d.js","0","","","0","Blocked by robots.txt","true","","","Root-Relative","//head/script[17]","Head","HTML"
"JavaScript","https://www.dembitskyi.com/uk/services/pidtyazhka-verhnih-i-nizhnih-kinczivok","https://www.dembitskyi.com/_next/static/chunks/a6dad97d9634a72d.js","0","","","0","Blocked by robots.txt","true","","","Root-Relative","//head/script[17]","Head","HTML"
"JavaScript","https://www.dembitskyi.com/uk/services/blefaroplastika","https://www.dembitskyi.com/_next/static/chunks/a6dad97d9634a72d.js","0","","","0","Blocked by robots.txt","true","","","Root-Relative","//head/script[17]","Head","HTML"
"JavaScript","https://www.dembitskyi.com/uk/services/fileri-na-osnovi-negialuronovih-spoluk","https://www.dembitskyi.com/_next/static/chunks/a6dad97d9634a72d.js","0","","","0","Blocked by robots.txt","true","","","Root-Relative","//head/script[17]","Head","HTML"
"JavaScript","https://www.dembitskyi.com/uk/services/minifleboktomiya","https://www.dembitskyi.com/_next/static/chunks/a6dad97d9634a72d.js","0","","","0","Blocked by robots.txt","true","","","Root-Relative","//head/script[17]","Head","HTML"
"JavaScript","https://www.dembitskyi.com/uk/services/skleroobliteracziya","https://www.dembitskyi.com/_next/static/chunks/a6dad97d9634a72d.js","0","","","0","Blocked by robots.txt","true","","","Root-Relative","//head/script[17]","Head","HTML"
"JavaScript","https://www.dembitskyi.com/uk/services/mamoplastika","https://www.dembitskyi.com/_next/static/chunks/a6dad97d9634a72d.js","0","","","0","Blocked by robots.txt","true","","","Root-Relative","//head/script[17]","Head","HTML"
"JavaScript","https://www.dembitskyi.com/uk/services/pidtyazhka-oblichchya","https://www.dembitskyi.com/_next/static/chunks/a6dad97d9634a72d.js","0","","","0","Blocked by robots.txt","true","","","Root-Relative","//head/script[17]","Head","HTML"
"JavaScript","https://www.dembitskyi.com/uk/services/fileri","https://www.dembitskyi.com/_next/static/chunks/a6dad97d9634a72d.js","0","","","0","Blocked by robots.txt","true","","","Root-Relative","//head/script[17]","Head","HTML"
"JavaScript","https://www.dembitskyi.com/uk/services/likuvannya-varikozu-lazerom","https://www.dembitskyi.com/_next/static/chunks/a6dad97d9634a72d.js","0","","","0","Blocked by robots.txt","true","","","Root-Relative","//head/script[17]","Head","HTML"
"JavaScript","https://www.dembitskyi.com/uk/services/liposakcziya","https://www.dembitskyi.com/_next/static/chunks/a6dad97d9634a72d.js","0","","","0","Blocked by robots.txt","true","","","Root-Relative","//head/script[17]","Head","HTML"
"JavaScript","https://www.dembitskyi.com/uk/services/abdominoplastika","https://www.dembitskyi.com/_next/static/chunks/a6dad97d9634a72d.js","0","","","0","Blocked by robots.txt","true","","","Root-Relative","//head/script[17]","Head","HTML"
"JavaScript","https://www.dembitskyi.com/uk","https://www.dembitskyi.com/_next/static/chunks/ff1a16fafef87110.js","0","","","0","Blocked by robots.txt","true","","","Root-Relative","//head/script[7]","Head","HTML"
"JavaScript","https://www.dembitskyi.com/uk/cases","https://www.dembitskyi.com/_next/static/chunks/ff1a16fafef87110.js","0","","","0","Blocked by robots.txt","true","","","Root-Relative","//head/script[7]","Head","HTML"
"JavaScript","https://www.dembitskyi.com/uk/package-service/anti-age-kompleks","https://www.dembitskyi.com/_next/static/chunks/ff1a16fafef87110.js","0","","","0","Blocked by robots.txt","true","","","Root-Relative","//head/script[7]","Head","HTML"
"JavaScript","https://www.dembitskyi.com/uk/package-service/mommy-makeover","https://www.dembitskyi.com/_next/static/chunks/ff1a16fafef87110.js","0","","","0","Blocked by robots.txt","true","","","Root-Relative","//head/script[7]","Head","HTML"
"JavaScript","https://www.dembitskyi.com/uk/package-service/plaskij-zhivit","https://www.dembitskyi.com/_next/static/chunks/ff1a16fafef87110.js","0","","","0","Blocked by robots.txt","true","","","Root-Relative","//head/script[7]","Head","HTML"
"JavaScript","https://www.dembitskyi.com/uk/blog","https://www.dembitskyi.com/_next/static/chunks/ff1a16fafef87110.js","0","","","0","Blocked by robots.txt","true","","","Root-Relative","//head/script[7]","Head","HTML"
"JavaScript","https://www.dembitskyi.com/uk/cases/likuvannya-varikoznoyi-hvorobi-nizhnoyi-kinczivki","https://www.dembitskyi.com/_next/static/chunks/ff1a16fafef87110.js","0","","","0","Blocked by robots.txt","true","","","Root-Relative","//head/script[7]","Head","HTML"
"JavaScript","https://www.dembitskyi.com/uk/package-service/vidkritij-poglyad","https://www.dembitskyi.com/_next/static/chunks/ff1a16fafef87110.js","0","","","0","Blocked by robots.txt","true","","","Root-Relative","//head/script[7]","Head","HTML"
"JavaScript","https://www.dembitskyi.com/uk/about","https://www.dembitskyi.com/_next/static/chunks/ff1a16fafef87110.js","0","","","0","Blocked by robots.txt","true","","","Root-Relative","//head/script[7]","Head","HTML"
"JavaScript","https://www.dembitskyi.com/uk/package-service/legkist-i-krasa-nig","https://www.dembitskyi.com/_next/static/chunks/ff1a16fafef87110.js","0","","","0","Blocked by robots.txt","true","","","Root-Relative","//head/script[7]","Head","HTML"
"JavaScript","https://www.dembitskyi.com/uk/contacts","https://www.dembitskyi.com/_next/static/chunks/ff1a16fafef87110.js","0","","","0","Blocked by robots.txt","true","","","Root-Relative","//head/script[7]","Head","HTML"
"JavaScript","https://www.dembitskyi.com/uk/services","https://www.dembitskyi.com/_next/static/chunks/ff1a16fafef87110.js","0","","","0","Blocked by robots.txt","true","","","Root-Relative","//head/script[7]","Head","HTML"
"JavaScript","https://www.dembitskyi.com/uk/services/botuinoterapiya","https://www.dembitskyi.com/_next/static/chunks/ff1a16fafef87110.js","0","","","0","Blocked by robots.txt","true","","","Root-Relative","//head/script[7]","Head","HTML"
"JavaScript","https://www.dembitskyi.com/uk/services/pidtyazhka-verhnih-i-nizhnih-kinczivok","https://www.dembitskyi.com/_next/static/chunks/ff1a16fafef87110.js","0","","","0","Blocked by robots.txt","true","","","Root-Relative","//head/script[7]","Head","HTML"
"JavaScript","https://www.dembitskyi.com/uk/services/blefaroplastika","https://www.dembitskyi.com/_next/static/chunks/ff1a16fafef87110.js","0","","","0","Blocked by robots.txt","true","","","Root-Relative","//head/script[7]","Head","HTML"
"JavaScript","https://www.dembitskyi.com/uk/services/fileri-na-osnovi-negialuronovih-spoluk","https://www.dembitskyi.com/_next/static/chunks/ff1a16fafef87110.js","0","","","0","Blocked by robots.txt","true","","","Root-Relative","//head/script[7]","Head","HTML"
"JavaScript","https://www.dembitskyi.com/uk/services/minifleboktomiya","https://www.dembitskyi.com/_next/static/chunks/ff1a16fafef87110.js","0","","","0","Blocked by robots.txt","true","","","Root-Relative","//head/script[7]","Head","HTML"
"JavaScript","https://www.dembitskyi.com/uk/services/skleroobliteracziya","https://www.dembitskyi.com/_next/static/chunks/ff1a16fafef87110.js","0","","","0","Blocked by robots.txt","true","","","Root-Relative","//head/script[7]","Head","HTML"
"JavaScript","https://www.dembitskyi.com/uk/services/mamoplastika","https://www.dembitskyi.com/_next/static/chunks/ff1a16fafef87110.js","0","","","0","Blocked by robots.txt","true","","","Root-Relative","//head/script[7]","Head","HTML"
"JavaScript","https://www.dembitskyi.com/uk/services/pidtyazhka-oblichchya","https://www.dembitskyi.com/_next/static/chunks/ff1a16fafef87110.js","0","","","0","Blocked by robots.txt","true","","","Root-Relative","//head/script[7]","Head","HTML"
"JavaScript","https://www.dembitskyi.com/uk/services/fileri","https://www.dembitskyi.com/_next/static/chunks/ff1a16fafef87110.js","0","","","0","Blocked by robots.txt","true","","","Root-Relative","//head/script[7]","Head","HTML"
"JavaScript","https://www.dembitskyi.com/uk/services/likuvannya-varikozu-lazerom","https://www.dembitskyi.com/_next/static/chunks/ff1a16fafef87110.js","0","","","0","Blocked by robots.txt","true","","","Root-Relative","//head/script[7]","Head","HTML"
"JavaScript","https://www.dembitskyi.com/uk/services/liposakcziya","https://www.dembitskyi.com/_next/static/chunks/ff1a16fafef87110.js","0","","","0","Blocked by robots.txt","true","","","Root-Relative","//head/script[7]","Head","HTML"
"JavaScript","https://www.dembitskyi.com/uk/services/abdominoplastika","https://www.dembitskyi.com/_next/static/chunks/ff1a16fafef87110.js","0","","","0","Blocked by robots.txt","true","","","Root-Relative","//head/script[7]","Head","HTML"
"JavaScript","https://www.dembitskyi.com/uk","https://www.dembitskyi.com/_next/static/chunks/55c4bbd362271d37.js","0","","","0","Blocked by robots.txt","true","","","Root-Relative","//head/script[12]","Head","HTML"
"JavaScript","https://www.dembitskyi.com/uk/cases","https://www.dembitskyi.com/_next/static/chunks/55c4bbd362271d37.js","0","","","0","Blocked by robots.txt","true","","","Root-Relative","//head/script[12]","Head","HTML"
"JavaScript","https://www.dembitskyi.com/uk/package-service/anti-age-kompleks","https://www.dembitskyi.com/_next/static/chunks/55c4bbd362271d37.js","0","","","0","Blocked by robots.txt","true","","","Root-Relative","//head/script[12]","Head","HTML"
"JavaScript","https://www.dembitskyi.com/uk/package-service/mommy-makeover","https://www.dembitskyi.com/_next/static/chunks/55c4bbd362271d37.js","0","","","0","Blocked by robots.txt","true","","","Root-Relative","//head/script[12]","Head","HTML"
"JavaScript","https://www.dembitskyi.com/uk/package-service/plaskij-zhivit","https://www.dembitskyi.com/_next/static/chunks/55c4bbd362271d37.js","0","","","0","Blocked by robots.txt","true","","","Root-Relative","//head/script[12]","Head","HTML"
"JavaScript","https://www.dembitskyi.com/uk/blog","https://www.dembitskyi.com/_next/static/chunks/55c4bbd362271d37.js","0","","","0","Blocked by robots.txt","true","","","Root-Relative","//head/script[12]","Head","HTML"
"JavaScript","https://www.dembitskyi.com/uk/cases/likuvannya-varikoznoyi-hvorobi-nizhnoyi-kinczivki","https://www.dembitskyi.com/_next/static/chunks/55c4bbd362271d37.js","0","","","0","Blocked by robots.txt","true","","","Root-Relative","//head/script[12]","Head","HTML"
"JavaScript","https://www.dembitskyi.com/uk/package-service/vidkritij-poglyad","https://www.dembitskyi.com/_next/static/chunks/55c4bbd362271d37.js","0","","","0","Blocked by robots.txt","true","","","Root-Relative","//head/script[12]","Head","HTML"
"JavaScript","https://www.dembitskyi.com/uk/about","https://www.dembitskyi.com/_next/static/chunks/55c4bbd362271d37.js","0","","","0","Blocked by robots.txt","true","","","Root-Relative","//head/script[12]","Head","HTML"
"JavaScript","https://www.dembitskyi.com/uk/package-service/legkist-i-krasa-nig","https://www.dembitskyi.com/_next/static/chunks/55c4bbd362271d37.js","0","","","0","Blocked by robots.txt","true","","","Root-Relative","//head/script[12]","Head","HTML"
"JavaScript","https://www.dembitskyi.com/uk/contacts","https://www.dembitskyi.com/_next/static/chunks/55c4bbd362271d37.js","0","","","0","Blocked by robots.txt","true","","","Root-Relative","//head/script[12]","Head","HTML"
"JavaScript","https://www.dembitskyi.com/uk/services","https://www.dembitskyi.com/_next/static/chunks/55c4bbd362271d37.js","0","","","0","Blocked by robots.txt","true","","","Root-Relative","//head/script[12]","Head","HTML"
"JavaScript","https://www.dembitskyi.com/uk/services/botuinoterapiya","https://www.dembitskyi.com/_next/static/chunks/55c4bbd362271d37.js","0","","","0","Blocked by robots.txt","true","","","Root-Relative","//head/script[12]","Head","HTML"
"JavaScript","https://www.dembitskyi.com/uk/services/pidtyazhka-verhnih-i-nizhnih-kinczivok","https://www.dembitskyi.com/_next/static/chunks/55c4bbd362271d37.js","0","","","0","Blocked by robots.txt","true","","","Root-Relative","//head/script[12]","Head","HTML"
"JavaScript","https://www.dembitskyi.com/uk/services/blefaroplastika","https://www.dembitskyi.com/_next/static/chunks/55c4bbd362271d37.js","0","","","0","Blocked by robots.txt","true","","","Root-Relative","//head/script[12]","Head","HTML"
"JavaScript","https://www.dembitskyi.com/uk/services/fileri-na-osnovi-negialuronovih-spoluk","https://www.dembitskyi.com/_next/static/chunks/55c4bbd362271d37.js","0","","","0","Blocked by robots.txt","true","","","Root-Relative","//head/script[12]","Head","HTML"
"JavaScript","https://www.dembitskyi.com/uk/services/minifleboktomiya","https://www.dembitskyi.com/_next/static/chunks/55c4bbd362271d37.js","0","","","0","Blocked by robots.txt","true","","","Root-Relative","//head/script[12]","Head","HTML"
"JavaScript","https://www.dembitskyi.com/uk/services/skleroobliteracziya","https://www.dembitskyi.com/_next/static/chunks/55c4bbd362271d37.js","0","","","0","Blocked by robots.txt","true","","","Root-Relative","//head/script[12]","Head","HTML"
"JavaScript","https://www.dembitskyi.com/uk/services/mamoplastika","https://www.dembitskyi.com/_next/static/chunks/55c4bbd362271d37.js","0","","","0","Blocked by robots.txt","true","","","Root-Relative","//head/script[12]","Head","HTML"
"JavaScript","https://www.dembitskyi.com/uk/services/pidtyazhka-oblichchya","https://www.dembitskyi.com/_next/static/chunks/55c4bbd362271d37.js","0","","","0","Blocked by robots.txt","true","","","Root-Relative","//head/script[12]","Head","HTML"
"JavaScript","https://www.dembitskyi.com/uk/services/fileri","https://www.dembitskyi.com/_next/static/chunks/55c4bbd362271d37.js","0","","","0","Blocked by robots.txt","true","","","Root-Relative","//head/script[12]","Head","HTML"
"JavaScript","https://www.dembitskyi.com/uk/services/likuvannya-varikozu-lazerom","https://www.dembitskyi.com/_next/static/chunks/55c4bbd362271d37.js","0","","","0","Blocked by robots.txt","true","","","Root-Relative","//head/script[12]","Head","HTML"
"JavaScript","https://www.dembitskyi.com/uk/services/liposakcziya","https://www.dembitskyi.com/_next/static/chunks/55c4bbd362271d37.js","0","","","0","Blocked by robots.txt","true","","","Root-Relative","//head/script[12]","Head","HTML"
"JavaScript","https://www.dembitskyi.com/uk/services/abdominoplastika","https://www.dembitskyi.com/_next/static/chunks/55c4bbd362271d37.js","0","","","0","Blocked by robots.txt","true","","","Root-Relative","//head/script[12]","Head","HTML"
"JavaScript","https://www.dembitskyi.com/uk","https://www.dembitskyi.com/_next/static/chunks/355bff7b47dc884a.js","0","","","0","Blocked by robots.txt","true","","","Root-Relative","//head/script[9]","Head","HTML"
"JavaScript","https://www.dembitskyi.com/uk/cases","https://www.dembitskyi.com/_next/static/chunks/355bff7b47dc884a.js","0","","","0","Blocked by robots.txt","true","","","Root-Relative","//head/script[9]","Head","HTML"
"JavaScript","https://www.dembitskyi.com/uk/package-service/anti-age-kompleks","https://www.dembitskyi.com/_next/static/chunks/355bff7b47dc884a.js","0","","","0","Blocked by robots.txt","true","","","Root-Relative","//head/script[9]","Head","HTML"
"JavaScript","https://www.dembitskyi.com/uk/package-service/mommy-makeover","https://www.dembitskyi.com/_next/static/chunks/355bff7b47dc884a.js","0","","","0","Blocked by robots.txt","true","","","Root-Relative","//head/script[9]","Head","HTML"
"JavaScript","https://www.dembitskyi.com/uk/package-service/plaskij-zhivit","https://www.dembitskyi.com/_next/static/chunks/355bff7b47dc884a.js","0","","","0","Blocked by robots.txt","true","","","Root-Relative","//head/script[9]","Head","HTML"
"JavaScript","https://www.dembitskyi.com/uk/blog","https://www.dembitskyi.com/_next/static/chunks/355bff7b47dc884a.js","0","","","0","Blocked by robots.txt","true","","","Root-Relative","//head/script[9]","Head","HTML"
"JavaScript","https://www.dembitskyi.com/uk/cases/likuvannya-varikoznoyi-hvorobi-nizhnoyi-kinczivki","https://www.dembitskyi.com/_next/static/chunks/355bff7b47dc884a.js","0","","","0","Blocked by robots.txt","true","","","Root-Relative","//head/script[9]","Head","HTML"
"JavaScript","https://www.dembitskyi.com/uk/package-service/vidkritij-poglyad","https://www.dembitskyi.com/_next/static/chunks/355bff7b47dc884a.js","0","","","0","Blocked by robots.txt","true","","","Root-Relative","//head/script[9]","Head","HTML"
"JavaScript","https://www.dembitskyi.com/uk/about","https://www.dembitskyi.com/_next/static/chunks/355bff7b47dc884a.js","0","","","0","Blocked by robots.txt","true","","","Root-Relative","//head/script[9]","Head","HTML"
"JavaScript","https://www.dembitskyi.com/uk/package-service/legkist-i-krasa-nig","https://www.dembitskyi.com/_next/static/chunks/355bff7b47dc884a.js","0","","","0","Blocked by robots.txt","true","","","Root-Relative","//head/script[9]","Head","HTML"
"JavaScript","https://www.dembitskyi.com/uk/contacts","https://www.dembitskyi.com/_next/static/chunks/355bff7b47dc884a.js","0","","","0","Blocked by robots.txt","true","","","Root-Relative","//head/script[9]","Head","HTML"
"JavaScript","https://www.dembitskyi.com/uk/services","https://www.dembitskyi.com/_next/static/chunks/355bff7b47dc884a.js","0","","","0","Blocked by robots.txt","true","","","Root-Relative","//head/script[9]","Head","HTML"
"JavaScript","https://www.dembitskyi.com/uk/services/botuinoterapiya","https://www.dembitskyi.com/_next/static/chunks/355bff7b47dc884a.js","0","","","0","Blocked by robots.txt","true","","","Root-Relative","//head/script[9]","Head","HTML"
"JavaScript","https://www.dembitskyi.com/uk/services/pidtyazhka-verhnih-i-nizhnih-kinczivok","https://www.dembitskyi.com/_next/static/chunks/355bff7b47dc884a.js","0","","","0","Blocked by robots.txt","true","","","Root-Relative","//head/script[9]","Head","HTML"
"JavaScript","https://www.dembitskyi.com/uk/services/blefaroplastika","https://www.dembitskyi.com/_next/static/chunks/355bff7b47dc884a.js","0","","","0","Blocked by robots.txt","true","","","Root-Relative","//head/script[9]","Head","HTML"
"JavaScript","https://www.dembitskyi.com/uk/services/fileri-na-osnovi-negialuronovih-spoluk","https://www.dembitskyi.com/_next/static/chunks/355bff7b47dc884a.js","0","","","0","Blocked by robots.txt","true","","","Root-Relative","//head/script[9]","Head","HTML"
"JavaScript","https://www.dembitskyi.com/uk/services/minifleboktomiya","https://www.dembitskyi.com/_next/static/chunks/355bff7b47dc884a.js","0","","","0","Blocked by robots.txt","true","","","Root-Relative","//head/script[9]","Head","HTML"
"JavaScript","https://www.dembitskyi.com/uk/services/skleroobliteracziya","https://www.dembitskyi.com/_next/static/chunks/355bff7b47dc884a.js","0","","","0","Blocked by robots.txt","true","","","Root-Relative","//head/script[9]","Head","HTML"
"JavaScript","https://www.dembitskyi.com/uk/services/mamoplastika","https://www.dembitskyi.com/_next/static/chunks/355bff7b47dc884a.js","0","","","0","Blocked by robots.txt","true","","","Root-Relative","//head/script[9]","Head","HTML"
"JavaScript","https://www.dembitskyi.com/uk/services/pidtyazhka-oblichchya","https://www.dembitskyi.com/_next/static/chunks/355bff7b47dc884a.js","0","","","0","Blocked by robots.txt","true","","","Root-Relative","//head/script[9]","Head","HTML"
"JavaScript","https://www.dembitskyi.com/uk/services/fileri","https://www.dembitskyi.com/_next/static/chunks/355bff7b47dc884a.js","0","","","0","Blocked by robots.txt","true","","","Root-Relative","//head/script[9]","Head","HTML"
"JavaScript","https://www.dembitskyi.com/uk/services/likuvannya-varikozu-lazerom","https://www.dembitskyi.com/_next/static/chunks/355bff7b47dc884a.js","0","","","0","Blocked by robots.txt","true","","","Root-Relative","//head/script[9]","Head","HTML"
"JavaScript","https://www.dembitskyi.com/uk/services/liposakcziya","https://www.dembitskyi.com/_next/static/chunks/355bff7b47dc884a.js","0","","","0","Blocked by robots.txt","true","","","Root-Relative","//head/script[9]","Head","HTML"
"JavaScript","https://www.dembitskyi.com/uk/services/abdominoplastika","https://www.dembitskyi.com/_next/static/chunks/355bff7b47dc884a.js","0","","","0","Blocked by robots.txt","true","","","Root-Relative","//head/script[9]","Head","HTML"
"JavaScript","https://www.dembitskyi.com/uk","https://www.dembitskyi.com/_next/static/chunks/965c199061c422fa.js","0","","","0","Blocked by robots.txt","true","","","Root-Relative","//head/script[16]","Head","HTML"
"JavaScript","https://www.dembitskyi.com/uk/cases","https://www.dembitskyi.com/_next/static/chunks/965c199061c422fa.js","0","","","0","Blocked by robots.txt","true","","","Root-Relative","//head/script[16]","Head","HTML"
"JavaScript","https://www.dembitskyi.com/uk/services/botuinoterapiya","https://www.dembitskyi.com/_next/static/chunks/965c199061c422fa.js","0","","","0","Blocked by robots.txt","true","","","Root-Relative","//head/script[16]","Head","HTML"
"JavaScript","https://www.dembitskyi.com/uk/services/pidtyazhka-verhnih-i-nizhnih-kinczivok","https://www.dembitskyi.com/_next/static/chunks/965c199061c422fa.js","0","","","0","Blocked by robots.txt","true","","","Root-Relative","//head/script[16]","Head","HTML"
"JavaScript","https://www.dembitskyi.com/uk/services/blefaroplastika","https://www.dembitskyi.com/_next/static/chunks/965c199061c422fa.js","0","","","0","Blocked by robots.txt","true","","","Root-Relative","//head/script[16]","Head","HTML"
"JavaScript","https://www.dembitskyi.com/uk/services/fileri-na-osnovi-negialuronovih-spoluk","https://www.dembitskyi.com/_next/static/chunks/965c199061c422fa.js","0","","","0","Blocked by robots.txt","true","","","Root-Relative","//head/script[16]","Head","HTML"
"JavaScript","https://www.dembitskyi.com/uk/services/minifleboktomiya","https://www.dembitskyi.com/_next/static/chunks/965c199061c422fa.js","0","","","0","Blocked by robots.txt","true","","","Root-Relative","//head/script[16]","Head","HTML"
"JavaScript","https://www.dembitskyi.com/uk/services/skleroobliteracziya","https://www.dembitskyi.com/_next/static/chunks/965c199061c422fa.js","0","","","0","Blocked by robots.txt","true","","","Root-Relative","//head/script[16]","Head","HTML"
"JavaScript","https://www.dembitskyi.com/uk/services/mamoplastika","https://www.dembitskyi.com/_next/static/chunks/965c199061c422fa.js","0","","","0","Blocked by robots.txt","true","","","Root-Relative","//head/script[16]","Head","HTML"
"JavaScript","https://www.dembitskyi.com/uk/services/pidtyazhka-oblichchya","https://www.dembitskyi.com/_next/static/chunks/965c199061c422fa.js","0","","","0","Blocked by robots.txt","true","","","Root-Relative","//head/script[16]","Head","HTML"
"JavaScript","https://www.dembitskyi.com/uk/services/fileri","https://www.dembitskyi.com/_next/static/chunks/965c199061c422fa.js","0","","","0","Blocked by robots.txt","true","","","Root-Relative","//head/script[16]","Head","HTML"
"JavaScript","https://www.dembitskyi.com/uk/services/likuvannya-varikozu-lazerom","https://www.dembitskyi.com/_next/static/chunks/965c199061c422fa.js","0","","","0","Blocked by robots.txt","true","","","Root-Relative","//head/script[16]","Head","HTML"
"JavaScript","https://www.dembitskyi.com/uk/services/liposakcziya","https://www.dembitskyi.com/_next/static/chunks/965c199061c422fa.js","0","","","0","Blocked by robots.txt","true","","","Root-Relative","//head/script[16]","Head","HTML"
"JavaScript","https://www.dembitskyi.com/uk/services/abdominoplastika","https://www.dembitskyi.com/_next/static/chunks/965c199061c422fa.js","0","","","0","Blocked by robots.txt","true","","","Root-Relative","//head/script[16]","Head","HTML"
"JavaScript","https://www.dembitskyi.com/uk","https://www.dembitskyi.com/_next/static/chunks/8082ab48faca5ea1.js","0","","","0","Blocked by robots.txt","true","","","Root-Relative","//head/script[4]","Head","HTML"
"JavaScript","https://www.dembitskyi.com/uk/cases","https://www.dembitskyi.com/_next/static/chunks/8082ab48faca5ea1.js","0","","","0","Blocked by robots.txt","true","","","Root-Relative","//head/script[4]","Head","HTML"
"JavaScript","https://www.dembitskyi.com/uk/package-service/anti-age-kompleks","https://www.dembitskyi.com/_next/static/chunks/8082ab48faca5ea1.js","0","","","0","Blocked by robots.txt","true","","","Root-Relative","//head/script[4]","Head","HTML"
"JavaScript","https://www.dembitskyi.com/uk/package-service/mommy-makeover","https://www.dembitskyi.com/_next/static/chunks/8082ab48faca5ea1.js","0","","","0","Blocked by robots.txt","true","","","Root-Relative","//head/script[4]","Head","HTML"
"JavaScript","https://www.dembitskyi.com/uk/package-service/plaskij-zhivit","https://www.dembitskyi.com/_next/static/chunks/8082ab48faca5ea1.js","0","","","0","Blocked by robots.txt","true","","","Root-Relative","//head/script[4]","Head","HTML"
"JavaScript","https://www.dembitskyi.com/uk/blog","https://www.dembitskyi.com/_next/static/chunks/8082ab48faca5ea1.js","0","","","0","Blocked by robots.txt","true","","","Root-Relative","//head/script[4]","Head","HTML"
"JavaScript","https://www.dembitskyi.com/uk/cases/likuvannya-varikoznoyi-hvorobi-nizhnoyi-kinczivki","https://www.dembitskyi.com/_next/static/chunks/8082ab48faca5ea1.js","0","","","0","Blocked by robots.txt","true","","","Root-Relative","//head/script[4]","Head","HTML"
"JavaScript","https://www.dembitskyi.com/uk/package-service/vidkritij-poglyad","https://www.dembitskyi.com/_next/static/chunks/8082ab48faca5ea1.js","0","","","0","Blocked by robots.txt","true","","","Root-Relative","//head/script[4]","Head","HTML"
"JavaScript","https://www.dembitskyi.com/uk/about","https://www.dembitskyi.com/_next/static/chunks/8082ab48faca5ea1.js","0","","","0","Blocked by robots.txt","true","","","Root-Relative","//head/script[4]","Head","HTML"
"JavaScript","https://www.dembitskyi.com/uk/package-service/legkist-i-krasa-nig","https://www.dembitskyi.com/_next/static/chunks/8082ab48faca5ea1.js","0","","","0","Blocked by robots.txt","true","","","Root-Relative","//head/script[4]","Head","HTML"
"JavaScript","https://www.dembitskyi.com/uk/contacts","https://www.dembitskyi.com/_next/static/chunks/8082ab48faca5ea1.js","0","","","0","Blocked by robots.txt","true","","","Root-Relative","//head/script[4]","Head","HTML"
"JavaScript","https://www.dembitskyi.com/uk/services","https://www.dembitskyi.com/_next/static/chunks/8082ab48faca5ea1.js","0","","","0","Blocked by robots.txt","true","","","Root-Relative","//head/script[4]","Head","HTML"
"JavaScript","https://www.dembitskyi.com/uk/services/botuinoterapiya","https://www.dembitskyi.com/_next/static/chunks/8082ab48faca5ea1.js","0","","","0","Blocked by robots.txt","true","","","Root-Relative","//head/script[4]","Head","HTML"
"JavaScript","https://www.dembitskyi.com/uk/services/pidtyazhka-verhnih-i-nizhnih-kinczivok","https://www.dembitskyi.com/_next/static/chunks/8082ab48faca5ea1.js","0","","","0","Blocked by robots.txt","true","","","Root-Relative","//head/script[4]","Head","HTML"
"JavaScript","https://www.dembitskyi.com/uk/services/blefaroplastika","https://www.dembitskyi.com/_next/static/chunks/8082ab48faca5ea1.js","0","","","0","Blocked by robots.txt","true","","","Root-Relative","//head/script[4]","Head","HTML"
"JavaScript","https://www.dembitskyi.com/uk/services/fileri-na-osnovi-negialuronovih-spoluk","https://www.dembitskyi.com/_next/static/chunks/8082ab48faca5ea1.js","0","","","0","Blocked by robots.txt","true","","","Root-Relative","//head/script[4]","Head","HTML"
"JavaScript","https://www.dembitskyi.com/uk/services/minifleboktomiya","https://www.dembitskyi.com/_next/static/chunks/8082ab48faca5ea1.js","0","","","0","Blocked by robots.txt","true","","","Root-Relative","//head/script[4]","Head","HTML"
"JavaScript","https://www.dembitskyi.com/uk/services/skleroobliteracziya","https://www.dembitskyi.com/_next/static/chunks/8082ab48faca5ea1.js","0","","","0","Blocked by robots.txt","true","","","Root-Relative","//head/script[4]","Head","HTML"
"JavaScript","https://www.dembitskyi.com/uk/services/mamoplastika","https://www.dembitskyi.com/_next/static/chunks/8082ab48faca5ea1.js","0","","","0","Blocked by robots.txt","true","","","Root-Relative","//head/script[4]","Head","HTML"
"JavaScript","https://www.dembitskyi.com/uk/services/pidtyazhka-oblichchya","https://www.dembitskyi.com/_next/static/chunks/8082ab48faca5ea1.js","0","","","0","Blocked by robots.txt","true","","","Root-Relative","//head/script[4]","Head","HTML"
"JavaScript","https://www.dembitskyi.com/uk/services/fileri","https://www.dembitskyi.com/_next/static/chunks/8082ab48faca5ea1.js","0","","","0","Blocked by robots.txt","true","","","Root-Relative","//head/script[4]","Head","HTML"
"JavaScript","https://www.dembitskyi.com/uk/services/likuvannya-varikozu-lazerom","https://www.dembitskyi.com/_next/static/chunks/8082ab48faca5ea1.js","0","","","0","Blocked by robots.txt","true","","","Root-Relative","//head/script[4]","Head","HTML"
"JavaScript","https://www.dembitskyi.com/uk/services/liposakcziya","https://www.dembitskyi.com/_next/static/chunks/8082ab48faca5ea1.js","0","","","0","Blocked by robots.txt","true","","","Root-Relative","//head/script[4]","Head","HTML"
"JavaScript","https://www.dembitskyi.com/uk/services/abdominoplastika","https://www.dembitskyi.com/_next/static/chunks/8082ab48faca5ea1.js","0","","","0","Blocked by robots.txt","true","","","Root-Relative","//head/script[4]","Head","HTML"
"JavaScript","https://www.dembitskyi.com/uk","https://www.dembitskyi.com/_next/static/chunks/turbopack-e7b86a4b44c8c13c.js","0","","","0","Blocked by robots.txt","true","","","Root-Relative","//head/script[5]","Head","HTML"
"JavaScript","https://www.dembitskyi.com/uk/cases","https://www.dembitskyi.com/_next/static/chunks/turbopack-e7b86a4b44c8c13c.js","0","","","0","Blocked by robots.txt","true","","","Root-Relative","//head/script[5]","Head","HTML"
"JavaScript","https://www.dembitskyi.com/uk/package-service/anti-age-kompleks","https://www.dembitskyi.com/_next/static/chunks/turbopack-e7b86a4b44c8c13c.js","0","","","0","Blocked by robots.txt","true","","","Root-Relative","//head/script[5]","Head","HTML"
"JavaScript","https://www.dembitskyi.com/uk/package-service/mommy-makeover","https://www.dembitskyi.com/_next/static/chunks/turbopack-e7b86a4b44c8c13c.js","0","","","0","Blocked by robots.txt","true","","","Root-Relative","//head/script[5]","Head","HTML"
"JavaScript","https://www.dembitskyi.com/uk/package-service/plaskij-zhivit","https://www.dembitskyi.com/_next/static/chunks/turbopack-e7b86a4b44c8c13c.js","0","","","0","Blocked by robots.txt","true","","","Root-Relative","//head/script[5]","Head","HTML"
"JavaScript","https://www.dembitskyi.com/uk/blog","https://www.dembitskyi.com/_next/static/chunks/turbopack-e7b86a4b44c8c13c.js","0","","","0","Blocked by robots.txt","true","","","Root-Relative","//head/script[5]","Head","HTML"
"JavaScript","https://www.dembitskyi.com/uk/cases/likuvannya-varikoznoyi-hvorobi-nizhnoyi-kinczivki","https://www.dembitskyi.com/_next/static/chunks/turbopack-e7b86a4b44c8c13c.js","0","","","0","Blocked by robots.txt","true","","","Root-Relative","//head/script[5]","Head","HTML"
"JavaScript","https://www.dembitskyi.com/uk/package-service/vidkritij-poglyad","https://www.dembitskyi.com/_next/static/chunks/turbopack-e7b86a4b44c8c13c.js","0","","","0","Blocked by robots.txt","true","","","Root-Relative","//head/script[5]","Head","HTML"
"JavaScript","https://www.dembitskyi.com/uk/about","https://www.dembitskyi.com/_next/static/chunks/turbopack-e7b86a4b44c8c13c.js","0","","","0","Blocked by robots.txt","true","","","Root-Relative","//head/script[5]","Head","HTML"
"JavaScript","https://www.dembitskyi.com/uk/package-service/legkist-i-krasa-nig","https://www.dembitskyi.com/_next/static/chunks/turbopack-e7b86a4b44c8c13c.js","0","","","0","Blocked by robots.txt","true","","","Root-Relative","//head/script[5]","Head","HTML"
"JavaScript","https://www.dembitskyi.com/uk/contacts","https://www.dembitskyi.com/_next/static/chunks/turbopack-e7b86a4b44c8c13c.js","0","","","0","Blocked by robots.txt","true","","","Root-Relative","//head/script[5]","Head","HTML"
"JavaScript","https://www.dembitskyi.com/uk/services","https://www.dembitskyi.com/_next/static/chunks/turbopack-e7b86a4b44c8c13c.js","0","","","0","Blocked by robots.txt","true","","","Root-Relative","//head/script[5]","Head","HTML"
"JavaScript","https://www.dembitskyi.com/uk/services/botuinoterapiya","https://www.dembitskyi.com/_next/static/chunks/turbopack-e7b86a4b44c8c13c.js","0","","","0","Blocked by robots.txt","true","","","Root-Relative","//head/script[5]","Head","HTML"
"JavaScript","https://www.dembitskyi.com/uk/services/pidtyazhka-verhnih-i-nizhnih-kinczivok","https://www.dembitskyi.com/_next/static/chunks/turbopack-e7b86a4b44c8c13c.js","0","","","0","Blocked by robots.txt","true","","","Root-Relative","//head/script[5]","Head","HTML"
"JavaScript","https://www.dembitskyi.com/uk/services/blefaroplastika","https://www.dembitskyi.com/_next/static/chunks/turbopack-e7b86a4b44c8c13c.js","0","","","0","Blocked by robots.txt","true","","","Root-Relative","//head/script[5]","Head","HTML"
"JavaScript","https://www.dembitskyi.com/uk/services/fileri-na-osnovi-negialuronovih-spoluk","https://www.dembitskyi.com/_next/static/chunks/turbopack-e7b86a4b44c8c13c.js","0","","","0","Blocked by robots.txt","true","","","Root-Relative","//head/script[5]","Head","HTML"
"JavaScript","https://www.dembitskyi.com/uk/services/minifleboktomiya","https://www.dembitskyi.com/_next/static/chunks/turbopack-e7b86a4b44c8c13c.js","0","","","0","Blocked by robots.txt","true","","","Root-Relative","//head/script[5]","Head","HTML"
"JavaScript","https://www.dembitskyi.com/uk/services/skleroobliteracziya","https://www.dembitskyi.com/_next/static/chunks/turbopack-e7b86a4b44c8c13c.js","0","","","0","Blocked by robots.txt","true","","","Root-Relative","//head/script[5]","Head","HTML"
"JavaScript","https://www.dembitskyi.com/uk/services/mamoplastika","https://www.dembitskyi.com/_next/static/chunks/turbopack-e7b86a4b44c8c13c.js","0","","","0","Blocked by robots.txt","true","","","Root-Relative","//head/script[5]","Head","HTML"
"JavaScript","https://www.dembitskyi.com/uk/services/pidtyazhka-oblichchya","https://www.dembitskyi.com/_next/static/chunks/turbopack-e7b86a4b44c8c13c.js","0","","","0","Blocked by robots.txt","true","","","Root-Relative","//head/script[5]","Head","HTML"
"JavaScript","https://www.dembitskyi.com/uk/services/fileri","https://www.dembitskyi.com/_next/static/chunks/turbopack-e7b86a4b44c8c13c.js","0","","","0","Blocked by robots.txt","true","","","Root-Relative","//head/script[5]","Head","HTML"
"JavaScript","https://www.dembitskyi.com/uk/services/likuvannya-varikozu-lazerom","https://www.dembitskyi.com/_next/static/chunks/turbopack-e7b86a4b44c8c13c.js","0","","","0","Blocked by robots.txt","true","","","Root-Relative","//head/script[5]","Head","HTML"
"JavaScript","https://www.dembitskyi.com/uk/services/liposakcziya","https://www.dembitskyi.com/_next/static/chunks/turbopack-e7b86a4b44c8c13c.js","0","","","0","Blocked by robots.txt","true","","","Root-Relative","//head/script[5]","Head","HTML"
"JavaScript","https://www.dembitskyi.com/uk/services/abdominoplastika","https://www.dembitskyi.com/_next/static/chunks/turbopack-e7b86a4b44c8c13c.js","0","","","0","Blocked by robots.txt","true","","","Root-Relative","//head/script[5]","Head","HTML"
"JavaScript","https://www.dembitskyi.com/uk","https://www.dembitskyi.com/_next/static/chunks/0a529b8b14255699.js","0","","","0","Blocked by robots.txt","true","","","Root-Relative","//head/script[15]","Head","HTML"
"JavaScript","https://www.dembitskyi.com/uk","https://www.dembitskyi.com/_next/static/chunks/674649e7dad9f6b4.js","0","","","0","Blocked by robots.txt","true","","","Root-Relative","//head/script[2]","Head","HTML"
"JavaScript","https://www.dembitskyi.com/uk/cases","https://www.dembitskyi.com/_next/static/chunks/674649e7dad9f6b4.js","0","","","0","Blocked by robots.txt","true","","","Root-Relative","//head/script[2]","Head","HTML"
"JavaScript","https://www.dembitskyi.com/uk/package-service/anti-age-kompleks","https://www.dembitskyi.com/_next/static/chunks/674649e7dad9f6b4.js","0","","","0","Blocked by robots.txt","true","","","Root-Relative","//head/script[2]","Head","HTML"
"JavaScript","https://www.dembitskyi.com/uk/package-service/mommy-makeover","https://www.dembitskyi.com/_next/static/chunks/674649e7dad9f6b4.js","0","","","0","Blocked by robots.txt","true","","","Root-Relative","//head/script[2]","Head","HTML"
"JavaScript","https://www.dembitskyi.com/uk/package-service/plaskij-zhivit","https://www.dembitskyi.com/_next/static/chunks/674649e7dad9f6b4.js","0","","","0","Blocked by robots.txt","true","","","Root-Relative","//head/script[2]","Head","HTML"
"JavaScript","https://www.dembitskyi.com/uk/blog","https://www.dembitskyi.com/_next/static/chunks/674649e7dad9f6b4.js","0","","","0","Blocked by robots.txt","true","","","Root-Relative","//head/script[2]","Head","HTML"
"JavaScript","https://www.dembitskyi.com/uk/cases/likuvannya-varikoznoyi-hvorobi-nizhnoyi-kinczivki","https://www.dembitskyi.com/_next/static/chunks/674649e7dad9f6b4.js","0","","","0","Blocked by robots.txt","true","","","Root-Relative","//head/script[2]","Head","HTML"
"JavaScript","https://www.dembitskyi.com/uk/package-service/vidkritij-poglyad","https://www.dembitskyi.com/_next/static/chunks/674649e7dad9f6b4.js","0","","","0","Blocked by robots.txt","true","","","Root-Relative","//head/script[2]","Head","HTML"
"JavaScript","https://www.dembitskyi.com/uk/about","https://www.dembitskyi.com/_next/static/chunks/674649e7dad9f6b4.js","0","","","0","Blocked by robots.txt","true","","","Root-Relative","//head/script[2]","Head","HTML"
"JavaScript","https://www.dembitskyi.com/uk/package-service/legkist-i-krasa-nig","https://www.dembitskyi.com/_next/static/chunks/674649e7dad9f6b4.js","0","","","0","Blocked by robots.txt","true","","","Root-Relative","//head/script[2]","Head","HTML"
"JavaScript","https://www.dembitskyi.com/uk/contacts","https://www.dembitskyi.com/_next/static/chunks/674649e7dad9f6b4.js","0","","","0","Blocked by robots.txt","true","","","Root-Relative","//head/script[2]","Head","HTML"
"JavaScript","https://www.dembitskyi.com/uk/services","https://www.dembitskyi.com/_next/static/chunks/674649e7dad9f6b4.js","0","","","0","Blocked by robots.txt","true","","","Root-Relative","//head/script[2]","Head","HTML"
"JavaScript","https://www.dembitskyi.com/uk/services/botuinoterapiya","https://www.dembitskyi.com/_next/static/chunks/674649e7dad9f6b4.js","0","","","0","Blocked by robots.txt","true","","","Root-Relative","//head/script[2]","Head","HTML"
"JavaScript","https://www.dembitskyi.com/uk/services/pidtyazhka-verhnih-i-nizhnih-kinczivok","https://www.dembitskyi.com/_next/static/chunks/674649e7dad9f6b4.js","0","","","0","Blocked by robots.txt","true","","","Root-Relative","//head/script[2]","Head","HTML"
"JavaScript","https://www.dembitskyi.com/uk/services/blefaroplastika","https://www.dembitskyi.com/_next/static/chunks/674649e7dad9f6b4.js","0","","","0","Blocked by robots.txt","true","","","Root-Relative","//head/script[2]","Head","HTML"
"JavaScript","https://www.dembitskyi.com/uk/services/fileri-na-osnovi-negialuronovih-spoluk","https://www.dembitskyi.com/_next/static/chunks/674649e7dad9f6b4.js","0","","","0","Blocked by robots.txt","true","","","Root-Relative","//head/script[2]","Head","HTML"
"JavaScript","https://www.dembitskyi.com/uk/services/minifleboktomiya","https://www.dembitskyi.com/_next/static/chunks/674649e7dad9f6b4.js","0","","","0","Blocked by robots.txt","true","","","Root-Relative","//head/script[2]","Head","HTML"
"JavaScript","https://www.dembitskyi.com/uk/services/skleroobliteracziya","https://www.dembitskyi.com/_next/static/chunks/674649e7dad9f6b4.js","0","","","0","Blocked by robots.txt","true","","","Root-Relative","//head/script[2]","Head","HTML"
"JavaScript","https://www.dembitskyi.com/uk/services/mamoplastika","https://www.dembitskyi.com/_next/static/chunks/674649e7dad9f6b4.js","0","","","0","Blocked by robots.txt","true","","","Root-Relative","//head/script[2]","Head","HTML"
"JavaScript","https://www.dembitskyi.com/uk/services/pidtyazhka-oblichchya","https://www.dembitskyi.com/_next/static/chunks/674649e7dad9f6b4.js","0","","","0","Blocked by robots.txt","true","","","Root-Relative","//head/script[2]","Head","HTML"
"JavaScript","https://www.dembitskyi.com/uk/services/fileri","https://www.dembitskyi.com/_next/static/chunks/674649e7dad9f6b4.js","0","","","0","Blocked by robots.txt","true","","","Root-Relative","//head/script[2]","Head","HTML"
"JavaScript","https://www.dembitskyi.com/uk/services/likuvannya-varikozu-lazerom","https://www.dembitskyi.com/_next/static/chunks/674649e7dad9f6b4.js","0","","","0","Blocked by robots.txt","true","","","Root-Relative","//head/script[2]","Head","HTML"
"JavaScript","https://www.dembitskyi.com/uk/services/liposakcziya","https://www.dembitskyi.com/_next/static/chunks/674649e7dad9f6b4.js","0","","","0","Blocked by robots.txt","true","","","Root-Relative","//head/script[2]","Head","HTML"
"JavaScript","https://www.dembitskyi.com/uk/services/abdominoplastika","https://www.dembitskyi.com/_next/static/chunks/674649e7dad9f6b4.js","0","","","0","Blocked by robots.txt","true","","","Root-Relative","//head/script[2]","Head","HTML"
"JavaScript","https://www.dembitskyi.com/uk","https://www.dembitskyi.com/_next/static/chunks/c262c49f15ce2f1f.js","0","","","0","Blocked by robots.txt","true","","","Root-Relative","//head/script[3]","Head","HTML"
"JavaScript","https://www.dembitskyi.com/uk/cases","https://www.dembitskyi.com/_next/static/chunks/c262c49f15ce2f1f.js","0","","","0","Blocked by robots.txt","true","","","Root-Relative","//head/script[3]","Head","HTML"
"JavaScript","https://www.dembitskyi.com/uk/package-service/anti-age-kompleks","https://www.dembitskyi.com/_next/static/chunks/c262c49f15ce2f1f.js","0","","","0","Blocked by robots.txt","true","","","Root-Relative","//head/script[3]","Head","HTML"
"JavaScript","https://www.dembitskyi.com/uk/package-service/mommy-makeover","https://www.dembitskyi.com/_next/static/chunks/c262c49f15ce2f1f.js","0","","","0","Blocked by robots.txt","true","","","Root-Relative","//head/script[3]","Head","HTML"
"JavaScript","https://www.dembitskyi.com/uk/package-service/plaskij-zhivit","https://www.dembitskyi.com/_next/static/chunks/c262c49f15ce2f1f.js","0","","","0","Blocked by robots.txt","true","","","Root-Relative","//head/script[3]","Head","HTML"
"JavaScript","https://www.dembitskyi.com/uk/blog","https://www.dembitskyi.com/_next/static/chunks/c262c49f15ce2f1f.js","0","","","0","Blocked by robots.txt","true","","","Root-Relative","//head/script[3]","Head","HTML"
"JavaScript","https://www.dembitskyi.com/uk/cases/likuvannya-varikoznoyi-hvorobi-nizhnoyi-kinczivki","https://www.dembitskyi.com/_next/static/chunks/c262c49f15ce2f1f.js","0","","","0","Blocked by robots.txt","true","","","Root-Relative","//head/script[3]","Head","HTML"
"JavaScript","https://www.dembitskyi.com/uk/package-service/vidkritij-poglyad","https://www.dembitskyi.com/_next/static/chunks/c262c49f15ce2f1f.js","0","","","0","Blocked by robots.txt","true","","","Root-Relative","//head/script[3]","Head","HTML"
"JavaScript","https://www.dembitskyi.com/uk/about","https://www.dembitskyi.com/_next/static/chunks/c262c49f15ce2f1f.js","0","","","0","Blocked by robots.txt","true","","","Root-Relative","//head/script[3]","Head","HTML"
"JavaScript","https://www.dembitskyi.com/uk/package-service/legkist-i-krasa-nig","https://www.dembitskyi.com/_next/static/chunks/c262c49f15ce2f1f.js","0","","","0","Blocked by robots.txt","true","","","Root-Relative","//head/script[3]","Head","HTML"
"JavaScript","https://www.dembitskyi.com/uk/contacts","https://www.dembitskyi.com/_next/static/chunks/c262c49f15ce2f1f.js","0","","","0","Blocked by robots.txt","true","","","Root-Relative","//head/script[3]","Head","HTML"
"JavaScript","https://www.dembitskyi.com/uk/services","https://www.dembitskyi.com/_next/static/chunks/c262c49f15ce2f1f.js","0","","","0","Blocked by robots.txt","true","","","Root-Relative","//head/script[3]","Head","HTML"
"JavaScript","https://www.dembitskyi.com/uk/services/botuinoterapiya","https://www.dembitskyi.com/_next/static/chunks/c262c49f15ce2f1f.js","0","","","0","Blocked by robots.txt","true","","","Root-Relative","//head/script[3]","Head","HTML"
"JavaScript","https://www.dembitskyi.com/uk/services/pidtyazhka-verhnih-i-nizhnih-kinczivok","https://www.dembitskyi.com/_next/static/chunks/c262c49f15ce2f1f.js","0","","","0","Blocked by robots.txt","true","","","Root-Relative","//head/script[3]","Head","HTML"
"JavaScript","https://www.dembitskyi.com/uk/services/blefaroplastika","https://www.dembitskyi.com/_next/static/chunks/c262c49f15ce2f1f.js","0","","","0","Blocked by robots.txt","true","","","Root-Relative","//head/script[3]","Head","HTML"
"JavaScript","https://www.dembitskyi.com/uk/services/fileri-na-osnovi-negialuronovih-spoluk","https://www.dembitskyi.com/_next/static/chunks/c262c49f15ce2f1f.js","0","","","0","Blocked by robots.txt","true","","","Root-Relative","//head/script[3]","Head","HTML"
"JavaScript","https://www.dembitskyi.com/uk/services/minifleboktomiya","https://www.dembitskyi.com/_next/static/chunks/c262c49f15ce2f1f.js","0","","","0","Blocked by robots.txt","true","","","Root-Relative","//head/script[3]","Head","HTML"
"JavaScript","https://www.dembitskyi.com/uk/services/skleroobliteracziya","https://www.dembitskyi.com/_next/static/chunks/c262c49f15ce2f1f.js","0","","","0","Blocked by robots.txt","true","","","Root-Relative","//head/script[3]","Head","HTML"
"JavaScript","https://www.dembitskyi.com/uk/services/mamoplastika","https://www.dembitskyi.com/_next/static/chunks/c262c49f15ce2f1f.js","0","","","0","Blocked by robots.txt","true","","","Root-Relative","//head/script[3]","Head","HTML"
"JavaScript","https://www.dembitskyi.com/uk/services/pidtyazhka-oblichchya","https://www.dembitskyi.com/_next/static/chunks/c262c49f15ce2f1f.js","0","","","0","Blocked by robots.txt","true","","","Root-Relative","//head/script[3]","Head","HTML"
"JavaScript","https://www.dembitskyi.com/uk/services/fileri","https://www.dembitskyi.com/_next/static/chunks/c262c49f15ce2f1f.js","0","","","0","Blocked by robots.txt","true","","","Root-Relative","//head/script[3]","Head","HTML"
"JavaScript","https://www.dembitskyi.com/uk/services/likuvannya-varikozu-lazerom","https://www.dembitskyi.com/_next/static/chunks/c262c49f15ce2f1f.js","0","","","0","Blocked by robots.txt","true","","","Root-Relative","//head/script[3]","Head","HTML"
"JavaScript","https://www.dembitskyi.com/uk/services/liposakcziya","https://www.dembitskyi.com/_next/static/chunks/c262c49f15ce2f1f.js","0","","","0","Blocked by robots.txt","true","","","Root-Relative","//head/script[3]","Head","HTML"
"JavaScript","https://www.dembitskyi.com/uk/services/abdominoplastika","https://www.dembitskyi.com/_next/static/chunks/c262c49f15ce2f1f.js","0","","","0","Blocked by robots.txt","true","","","Root-Relative","//head/script[3]","Head","HTML"
"JavaScript","https://www.dembitskyi.com/uk","https://www.dembitskyi.com/_next/static/chunks/4c2f457a625bbca8.js","0","","","0","Blocked by robots.txt","true","","","Root-Relative","//body/script[@id='_R_']","Content","HTML"
"JavaScript","https://www.dembitskyi.com/uk/cases","https://www.dembitskyi.com/_next/static/chunks/4c2f457a625bbca8.js","0","","","0","Blocked by robots.txt","true","","","Root-Relative","//body/script[@id='_R_']","Content","HTML"
"JavaScript","https://www.dembitskyi.com/uk/package-service/anti-age-kompleks","https://www.dembitskyi.com/_next/static/chunks/4c2f457a625bbca8.js","0","","","0","Blocked by robots.txt","true","","","Root-Relative","//body/script[@id='_R_']","Content","HTML"
"JavaScript","https://www.dembitskyi.com/uk/package-service/mommy-makeover","https://www.dembitskyi.com/_next/static/chunks/4c2f457a625bbca8.js","0","","","0","Blocked by robots.txt","true","","","Root-Relative","//body/script[@id='_R_']","Content","HTML"
"JavaScript","https://www.dembitskyi.com/uk/package-service/plaskij-zhivit","https://www.dembitskyi.com/_next/static/chunks/4c2f457a625bbca8.js","0","","","0","Blocked by robots.txt","true","","","Root-Relative","//body/script[@id='_R_']","Content","HTML"
"JavaScript","https://www.dembitskyi.com/uk/blog","https://www.dembitskyi.com/_next/static/chunks/4c2f457a625bbca8.js","0","","","0","Blocked by robots.txt","true","","","Root-Relative","//body/script[@id='_R_']","Content","HTML"
"JavaScript","https://www.dembitskyi.com/uk/cases/likuvannya-varikoznoyi-hvorobi-nizhnoyi-kinczivki","https://www.dembitskyi.com/_next/static/chunks/4c2f457a625bbca8.js","0","","","0","Blocked by robots.txt","true","","","Root-Relative","//body/script[@id='_R_']","Content","HTML"
"JavaScript","https://www.dembitskyi.com/uk/package-service/vidkritij-poglyad","https://www.dembitskyi.com/_next/static/chunks/4c2f457a625bbca8.js","0","","","0","Blocked by robots.txt","true","","","Root-Relative","//body/script[@id='_R_']","Content","HTML"
"JavaScript","https://www.dembitskyi.com/uk/about","https://www.dembitskyi.com/_next/static/chunks/4c2f457a625bbca8.js","0","","","0","Blocked by robots.txt","true","","","Root-Relative","//body/script[@id='_R_']","Content","HTML"
"JavaScript","https://www.dembitskyi.com/uk/package-service/legkist-i-krasa-nig","https://www.dembitskyi.com/_next/static/chunks/4c2f457a625bbca8.js","0","","","0","Blocked by robots.txt","true","","","Root-Relative","//body/script[@id='_R_']","Content","HTML"
"JavaScript","https://www.dembitskyi.com/uk/contacts","https://www.dembitskyi.com/_next/static/chunks/4c2f457a625bbca8.js","0","","","0","Blocked by robots.txt","true","","","Root-Relative","//body/script[@id='_R_']","Content","HTML"
"JavaScript","https://www.dembitskyi.com/uk/services","https://www.dembitskyi.com/_next/static/chunks/4c2f457a625bbca8.js","0","","","0","Blocked by robots.txt","true","","","Root-Relative","//body/script[@id='_R_']","Content","HTML"
"JavaScript","https://www.dembitskyi.com/uk/services/botuinoterapiya","https://www.dembitskyi.com/_next/static/chunks/4c2f457a625bbca8.js","0","","","0","Blocked by robots.txt","true","","","Root-Relative","//body/script[@id='_R_']","Content","HTML"
"JavaScript","https://www.dembitskyi.com/uk/services/pidtyazhka-verhnih-i-nizhnih-kinczivok","https://www.dembitskyi.com/_next/static/chunks/4c2f457a625bbca8.js","0","","","0","Blocked by robots.txt","true","","","Root-Relative","//body/script[@id='_R_']","Content","HTML"
"JavaScript","https://www.dembitskyi.com/uk/services/blefaroplastika","https://www.dembitskyi.com/_next/static/chunks/4c2f457a625bbca8.js","0","","","0","Blocked by robots.txt","true","","","Root-Relative","//body/script[@id='_R_']","Content","HTML"
"JavaScript","https://www.dembitskyi.com/uk/services/fileri-na-osnovi-negialuronovih-spoluk","https://www.dembitskyi.com/_next/static/chunks/4c2f457a625bbca8.js","0","","","0","Blocked by robots.txt","true","","","Root-Relative","//body/script[@id='_R_']","Content","HTML"
"JavaScript","https://www.dembitskyi.com/uk/services/minifleboktomiya","https://www.dembitskyi.com/_next/static/chunks/4c2f457a625bbca8.js","0","","","0","Blocked by robots.txt","true","","","Root-Relative","//body/script[@id='_R_']","Content","HTML"
"JavaScript","https://www.dembitskyi.com/uk/services/skleroobliteracziya","https://www.dembitskyi.com/_next/static/chunks/4c2f457a625bbca8.js","0","","","0","Blocked by robots.txt","true","","","Root-Relative","//body/script[@id='_R_']","Content","HTML"
"JavaScript","https://www.dembitskyi.com/uk/services/mamoplastika","https://www.dembitskyi.com/_next/static/chunks/4c2f457a625bbca8.js","0","","","0","Blocked by robots.txt","true","","","Root-Relative","//body/script[@id='_R_']","Content","HTML"
"JavaScript","https://www.dembitskyi.com/uk/services/pidtyazhka-oblichchya","https://www.dembitskyi.com/_next/static/chunks/4c2f457a625bbca8.js","0","","","0","Blocked by robots.txt","true","","","Root-Relative","//body/script[@id='_R_']","Content","HTML"
"JavaScript","https://www.dembitskyi.com/uk/services/fileri","https://www.dembitskyi.com/_next/static/chunks/4c2f457a625bbca8.js","0","","","0","Blocked by robots.txt","true","","","Root-Relative","//body/script[@id='_R_']","Content","HTML"
"JavaScript","https://www.dembitskyi.com/uk/services/likuvannya-varikozu-lazerom","https://www.dembitskyi.com/_next/static/chunks/4c2f457a625bbca8.js","0","","","0","Blocked by robots.txt","true","","","Root-Relative","//body/script[@id='_R_']","Content","HTML"
"JavaScript","https://www.dembitskyi.com/uk/services/liposakcziya","https://www.dembitskyi.com/_next/static/chunks/4c2f457a625bbca8.js","0","","","0","Blocked by robots.txt","true","","","Root-Relative","//body/script[@id='_R_']","Content","HTML"
"JavaScript","https://www.dembitskyi.com/uk/services/abdominoplastika","https://www.dembitskyi.com/_next/static/chunks/4c2f457a625bbca8.js","0","","","0","Blocked by robots.txt","true","","","Root-Relative","//body/script[@id='_R_']","Content","HTML"
"JavaScript","https://www.dembitskyi.com/uk","https://www.dembitskyi.com/_next/static/chunks/4d151a51112c38a9.js","0","","","0","Blocked by robots.txt","true","","","Root-Relative","//head/script[13]","Head","HTML"
"JavaScript","https://www.dembitskyi.com/uk/cases","https://www.dembitskyi.com/_next/static/chunks/4d151a51112c38a9.js","0","","","0","Blocked by robots.txt","true","","","Root-Relative","//head/script[13]","Head","HTML"
"JavaScript","https://www.dembitskyi.com/uk/package-service/anti-age-kompleks","https://www.dembitskyi.com/_next/static/chunks/4d151a51112c38a9.js","0","","","0","Blocked by robots.txt","true","","","Root-Relative","//head/script[13]","Head","HTML"
"JavaScript","https://www.dembitskyi.com/uk/package-service/mommy-makeover","https://www.dembitskyi.com/_next/static/chunks/4d151a51112c38a9.js","0","","","0","Blocked by robots.txt","true","","","Root-Relative","//head/script[13]","Head","HTML"
"JavaScript","https://www.dembitskyi.com/uk/package-service/plaskij-zhivit","https://www.dembitskyi.com/_next/static/chunks/4d151a51112c38a9.js","0","","","0","Blocked by robots.txt","true","","","Root-Relative","//head/script[13]","Head","HTML"
"JavaScript","https://www.dembitskyi.com/uk/blog","https://www.dembitskyi.com/_next/static/chunks/4d151a51112c38a9.js","0","","","0","Blocked by robots.txt","true","","","Root-Relative","//head/script[13]","Head","HTML"
"JavaScript","https://www.dembitskyi.com/uk/cases/likuvannya-varikoznoyi-hvorobi-nizhnoyi-kinczivki","https://www.dembitskyi.com/_next/static/chunks/4d151a51112c38a9.js","0","","","0","Blocked by robots.txt","true","","","Root-Relative","//head/script[13]","Head","HTML"
"JavaScript","https://www.dembitskyi.com/uk/package-service/vidkritij-poglyad","https://www.dembitskyi.com/_next/static/chunks/4d151a51112c38a9.js","0","","","0","Blocked by robots.txt","true","","","Root-Relative","//head/script[13]","Head","HTML"
"JavaScript","https://www.dembitskyi.com/uk/about","https://www.dembitskyi.com/_next/static/chunks/4d151a51112c38a9.js","0","","","0","Blocked by robots.txt","true","","","Root-Relative","//head/script[13]","Head","HTML"
"JavaScript","https://www.dembitskyi.com/uk/package-service/legkist-i-krasa-nig","https://www.dembitskyi.com/_next/static/chunks/4d151a51112c38a9.js","0","","","0","Blocked by robots.txt","true","","","Root-Relative","//head/script[13]","Head","HTML"
"JavaScript","https://www.dembitskyi.com/uk/contacts","https://www.dembitskyi.com/_next/static/chunks/4d151a51112c38a9.js","0","","","0","Blocked by robots.txt","true","","","Root-Relative","//head/script[13]","Head","HTML"
"JavaScript","https://www.dembitskyi.com/uk/services","https://www.dembitskyi.com/_next/static/chunks/4d151a51112c38a9.js","0","","","0","Blocked by robots.txt","true","","","Root-Relative","//head/script[13]","Head","HTML"
"JavaScript","https://www.dembitskyi.com/uk/services/botuinoterapiya","https://www.dembitskyi.com/_next/static/chunks/4d151a51112c38a9.js","0","","","0","Blocked by robots.txt","true","","","Root-Relative","//head/script[13]","Head","HTML"
"JavaScript","https://www.dembitskyi.com/uk/services/pidtyazhka-verhnih-i-nizhnih-kinczivok","https://www.dembitskyi.com/_next/static/chunks/4d151a51112c38a9.js","0","","","0","Blocked by robots.txt","true","","","Root-Relative","//head/script[13]","Head","HTML"
"JavaScript","https://www.dembitskyi.com/uk/services/blefaroplastika","https://www.dembitskyi.com/_next/static/chunks/4d151a51112c38a9.js","0","","","0","Blocked by robots.txt","true","","","Root-Relative","//head/script[13]","Head","HTML"
"JavaScript","https://www.dembitskyi.com/uk/services/fileri-na-osnovi-negialuronovih-spoluk","https://www.dembitskyi.com/_next/static/chunks/4d151a51112c38a9.js","0","","","0","Blocked by robots.txt","true","","","Root-Relative","//head/script[13]","Head","HTML"
"JavaScript","https://www.dembitskyi.com/uk/services/minifleboktomiya","https://www.dembitskyi.com/_next/static/chunks/4d151a51112c38a9.js","0","","","0","Blocked by robots.txt","true","","","Root-Relative","//head/script[13]","Head","HTML"
"JavaScript","https://www.dembitskyi.com/uk/services/skleroobliteracziya","https://www.dembitskyi.com/_next/static/chunks/4d151a51112c38a9.js","0","","","0","Blocked by robots.txt","true","","","Root-Relative","//head/script[13]","Head","HTML"
"JavaScript","https://www.dembitskyi.com/uk/services/mamoplastika","https://www.dembitskyi.com/_next/static/chunks/4d151a51112c38a9.js","0","","","0","Blocked by robots.txt","true","","","Root-Relative","//head/script[13]","Head","HTML"
"JavaScript","https://www.dembitskyi.com/uk/services/pidtyazhka-oblichchya","https://www.dembitskyi.com/_next/static/chunks/4d151a51112c38a9.js","0","","","0","Blocked by robots.txt","true","","","Root-Relative","//head/script[13]","Head","HTML"
"JavaScript","https://www.dembitskyi.com/uk/services/fileri","https://www.dembitskyi.com/_next/static/chunks/4d151a51112c38a9.js","0","","","0","Blocked by robots.txt","true","","","Root-Relative","//head/script[13]","Head","HTML"
"JavaScript","https://www.dembitskyi.com/uk/services/likuvannya-varikozu-lazerom","https://www.dembitskyi.com/_next/static/chunks/4d151a51112c38a9.js","0","","","0","Blocked by robots.txt","true","","","Root-Relative","//head/script[13]","Head","HTML"
"JavaScript","https://www.dembitskyi.com/uk/services/liposakcziya","https://www.dembitskyi.com/_next/static/chunks/4d151a51112c38a9.js","0","","","0","Blocked by robots.txt","true","","","Root-Relative","//head/script[13]","Head","HTML"
"JavaScript","https://www.dembitskyi.com/uk/services/abdominoplastika","https://www.dembitskyi.com/_next/static/chunks/4d151a51112c38a9.js","0","","","0","Blocked by robots.txt","true","","","Root-Relative","//head/script[13]","Head","HTML"
"JavaScript","https://www.dembitskyi.com/uk","https://www.dembitskyi.com/_next/static/chunks/522518d740397639.js","0","","","0","Blocked by robots.txt","true","","","Root-Relative","//head/script[1]","Head","HTML"
"JavaScript","https://www.dembitskyi.com/uk/cases","https://www.dembitskyi.com/_next/static/chunks/522518d740397639.js","0","","","0","Blocked by robots.txt","true","","","Root-Relative","//head/script[1]","Head","HTML"
"JavaScript","https://www.dembitskyi.com/uk/package-service/anti-age-kompleks","https://www.dembitskyi.com/_next/static/chunks/522518d740397639.js","0","","","0","Blocked by robots.txt","true","","","Root-Relative","//head/script[1]","Head","HTML"
"JavaScript","https://www.dembitskyi.com/uk/package-service/mommy-makeover","https://www.dembitskyi.com/_next/static/chunks/522518d740397639.js","0","","","0","Blocked by robots.txt","true","","","Root-Relative","//head/script[1]","Head","HTML"
"JavaScript","https://www.dembitskyi.com/uk/package-service/plaskij-zhivit","https://www.dembitskyi.com/_next/static/chunks/522518d740397639.js","0","","","0","Blocked by robots.txt","true","","","Root-Relative","//head/script[1]","Head","HTML"
"JavaScript","https://www.dembitskyi.com/uk/blog","https://www.dembitskyi.com/_next/static/chunks/522518d740397639.js","0","","","0","Blocked by robots.txt","true","","","Root-Relative","//head/script[1]","Head","HTML"
"JavaScript","https://www.dembitskyi.com/uk/cases/likuvannya-varikoznoyi-hvorobi-nizhnoyi-kinczivki","https://www.dembitskyi.com/_next/static/chunks/522518d740397639.js","0","","","0","Blocked by robots.txt","true","","","Root-Relative","//head/script[1]","Head","HTML"
"JavaScript","https://www.dembitskyi.com/uk/package-service/vidkritij-poglyad","https://www.dembitskyi.com/_next/static/chunks/522518d740397639.js","0","","","0","Blocked by robots.txt","true","","","Root-Relative","//head/script[1]","Head","HTML"
"JavaScript","https://www.dembitskyi.com/uk/about","https://www.dembitskyi.com/_next/static/chunks/522518d740397639.js","0","","","0","Blocked by robots.txt","true","","","Root-Relative","//head/script[1]","Head","HTML"
"JavaScript","https://www.dembitskyi.com/uk/package-service/legkist-i-krasa-nig","https://www.dembitskyi.com/_next/static/chunks/522518d740397639.js","0","","","0","Blocked by robots.txt","true","","","Root-Relative","//head/script[1]","Head","HTML"
"JavaScript","https://www.dembitskyi.com/uk/contacts","https://www.dembitskyi.com/_next/static/chunks/522518d740397639.js","0","","","0","Blocked by robots.txt","true","","","Root-Relative","//head/script[1]","Head","HTML"
"JavaScript","https://www.dembitskyi.com/uk/services","https://www.dembitskyi.com/_next/static/chunks/522518d740397639.js","0","","","0","Blocked by robots.txt","true","","","Root-Relative","//head/script[1]","Head","HTML"
"JavaScript","https://www.dembitskyi.com/uk/services/botuinoterapiya","https://www.dembitskyi.com/_next/static/chunks/522518d740397639.js","0","","","0","Blocked by robots.txt","true","","","Root-Relative","//head/script[1]","Head","HTML"
"JavaScript","https://www.dembitskyi.com/uk/services/pidtyazhka-verhnih-i-nizhnih-kinczivok","https://www.dembitskyi.com/_next/static/chunks/522518d740397639.js","0","","","0","Blocked by robots.txt","true","","","Root-Relative","//head/script[1]","Head","HTML"
"JavaScript","https://www.dembitskyi.com/uk/services/blefaroplastika","https://www.dembitskyi.com/_next/static/chunks/522518d740397639.js","0","","","0","Blocked by robots.txt","true","","","Root-Relative","//head/script[1]","Head","HTML"
"JavaScript","https://www.dembitskyi.com/uk/services/fileri-na-osnovi-negialuronovih-spoluk","https://www.dembitskyi.com/_next/static/chunks/522518d740397639.js","0","","","0","Blocked by robots.txt","true","","","Root-Relative","//head/script[1]","Head","HTML"
"JavaScript","https://www.dembitskyi.com/uk/services/minifleboktomiya","https://www.dembitskyi.com/_next/static/chunks/522518d740397639.js","0","","","0","Blocked by robots.txt","true","","","Root-Relative","//head/script[1]","Head","HTML"
"JavaScript","https://www.dembitskyi.com/uk/services/skleroobliteracziya","https://www.dembitskyi.com/_next/static/chunks/522518d740397639.js","0","","","0","Blocked by robots.txt","true","","","Root-Relative","//head/script[1]","Head","HTML"
"JavaScript","https://www.dembitskyi.com/uk/services/mamoplastika","https://www.dembitskyi.com/_next/static/chunks/522518d740397639.js","0","","","0","Blocked by robots.txt","true","","","Root-Relative","//head/script[1]","Head","HTML"
"JavaScript","https://www.dembitskyi.com/uk/services/pidtyazhka-oblichchya","https://www.dembitskyi.com/_next/static/chunks/522518d740397639.js","0","","","0","Blocked by robots.txt","true","","","Root-Relative","//head/script[1]","Head","HTML"
"JavaScript","https://www.dembitskyi.com/uk/services/fileri","https://www.dembitskyi.com/_next/static/chunks/522518d740397639.js","0","","","0","Blocked by robots.txt","true","","","Root-Relative","//head/script[1]","Head","HTML"
"JavaScript","https://www.dembitskyi.com/uk/services/likuvannya-varikozu-lazerom","https://www.dembitskyi.com/_next/static/chunks/522518d740397639.js","0","","","0","Blocked by robots.txt","true","","","Root-Relative","//head/script[1]","Head","HTML"
"JavaScript","https://www.dembitskyi.com/uk/services/liposakcziya","https://www.dembitskyi.com/_next/static/chunks/522518d740397639.js","0","","","0","Blocked by robots.txt","true","","","Root-Relative","//head/script[1]","Head","HTML"
"JavaScript","https://www.dembitskyi.com/uk/services/abdominoplastika","https://www.dembitskyi.com/_next/static/chunks/522518d740397639.js","0","","","0","Blocked by robots.txt","true","","","Root-Relative","//head/script[1]","Head","HTML"
"JavaScript","https://www.dembitskyi.com/uk","https://www.dembitskyi.com/_next/static/chunks/1d61710333b6c138.js","0","","","0","Blocked by robots.txt","true","","","Root-Relative","//head/script[14]","Head","HTML"
"JavaScript","https://www.dembitskyi.com/uk/cases","https://www.dembitskyi.com/_next/static/chunks/1d61710333b6c138.js","0","","","0","Blocked by robots.txt","true","","","Root-Relative","//head/script[14]","Head","HTML"
"JavaScript","https://www.dembitskyi.com/uk/package-service/anti-age-kompleks","https://www.dembitskyi.com/_next/static/chunks/1d61710333b6c138.js","0","","","0","Blocked by robots.txt","true","","","Root-Relative","//head/script[14]","Head","HTML"
"JavaScript","https://www.dembitskyi.com/uk/package-service/mommy-makeover","https://www.dembitskyi.com/_next/static/chunks/1d61710333b6c138.js","0","","","0","Blocked by robots.txt","true","","","Root-Relative","//head/script[14]","Head","HTML"
"JavaScript","https://www.dembitskyi.com/uk/package-service/plaskij-zhivit","https://www.dembitskyi.com/_next/static/chunks/1d61710333b6c138.js","0","","","0","Blocked by robots.txt","true","","","Root-Relative","//head/script[14]","Head","HTML"
"JavaScript","https://www.dembitskyi.com/uk/blog","https://www.dembitskyi.com/_next/static/chunks/1d61710333b6c138.js","0","","","0","Blocked by robots.txt","true","","","Root-Relative","//head/script[14]","Head","HTML"
"JavaScript","https://www.dembitskyi.com/uk/cases/likuvannya-varikoznoyi-hvorobi-nizhnoyi-kinczivki","https://www.dembitskyi.com/_next/static/chunks/1d61710333b6c138.js","0","","","0","Blocked by robots.txt","true","","","Root-Relative","//head/script[14]","Head","HTML"
"JavaScript","https://www.dembitskyi.com/uk/package-service/vidkritij-poglyad","https://www.dembitskyi.com/_next/static/chunks/1d61710333b6c138.js","0","","","0","Blocked by robots.txt","true","","","Root-Relative","//head/script[14]","Head","HTML"
"JavaScript","https://www.dembitskyi.com/uk/about","https://www.dembitskyi.com/_next/static/chunks/1d61710333b6c138.js","0","","","0","Blocked by robots.txt","true","","","Root-Relative","//head/script[14]","Head","HTML"
"JavaScript","https://www.dembitskyi.com/uk/package-service/legkist-i-krasa-nig","https://www.dembitskyi.com/_next/static/chunks/1d61710333b6c138.js","0","","","0","Blocked by robots.txt","true","","","Root-Relative","//head/script[14]","Head","HTML"
"JavaScript","https://www.dembitskyi.com/uk/contacts","https://www.dembitskyi.com/_next/static/chunks/1d61710333b6c138.js","0","","","0","Blocked by robots.txt","true","","","Root-Relative","//head/script[14]","Head","HTML"
"JavaScript","https://www.dembitskyi.com/uk/services","https://www.dembitskyi.com/_next/static/chunks/1d61710333b6c138.js","0","","","0","Blocked by robots.txt","true","","","Root-Relative","//head/script[14]","Head","HTML"
"JavaScript","https://www.dembitskyi.com/uk/services/botuinoterapiya","https://www.dembitskyi.com/_next/static/chunks/1d61710333b6c138.js","0","","","0","Blocked by robots.txt","true","","","Root-Relative","//head/script[14]","Head","HTML"
"JavaScript","https://www.dembitskyi.com/uk/services/pidtyazhka-verhnih-i-nizhnih-kinczivok","https://www.dembitskyi.com/_next/static/chunks/1d61710333b6c138.js","0","","","0","Blocked by robots.txt","true","","","Root-Relative","//head/script[14]","Head","HTML"
"JavaScript","https://www.dembitskyi.com/uk/services/blefaroplastika","https://www.dembitskyi.com/_next/static/chunks/1d61710333b6c138.js","0","","","0","Blocked by robots.txt","true","","","Root-Relative","//head/script[14]","Head","HTML"
"JavaScript","https://www.dembitskyi.com/uk/services/fileri-na-osnovi-negialuronovih-spoluk","https://www.dembitskyi.com/_next/static/chunks/1d61710333b6c138.js","0","","","0","Blocked by robots.txt","true","","","Root-Relative","//head/script[14]","Head","HTML"
"JavaScript","https://www.dembitskyi.com/uk/services/minifleboktomiya","https://www.dembitskyi.com/_next/static/chunks/1d61710333b6c138.js","0","","","0","Blocked by robots.txt","true","","","Root-Relative","//head/script[14]","Head","HTML"
"JavaScript","https://www.dembitskyi.com/uk/services/skleroobliteracziya","https://www.dembitskyi.com/_next/static/chunks/1d61710333b6c138.js","0","","","0","Blocked by robots.txt","true","","","Root-Relative","//head/script[14]","Head","HTML"
"JavaScript","https://www.dembitskyi.com/uk/services/mamoplastika","https://www.dembitskyi.com/_next/static/chunks/1d61710333b6c138.js","0","","","0","Blocked by robots.txt","true","","","Root-Relative","//head/script[14]","Head","HTML"
"JavaScript","https://www.dembitskyi.com/uk/services/pidtyazhka-oblichchya","https://www.dembitskyi.com/_next/static/chunks/1d61710333b6c138.js","0","","","0","Blocked by robots.txt","true","","","Root-Relative","//head/script[14]","Head","HTML"
"JavaScript","https://www.dembitskyi.com/uk/services/fileri","https://www.dembitskyi.com/_next/static/chunks/1d61710333b6c138.js","0","","","0","Blocked by robots.txt","true","","","Root-Relative","//head/script[14]","Head","HTML"
"JavaScript","https://www.dembitskyi.com/uk/services/likuvannya-varikozu-lazerom","https://www.dembitskyi.com/_next/static/chunks/1d61710333b6c138.js","0","","","0","Blocked by robots.txt","true","","","Root-Relative","//head/script[14]","Head","HTML"
"JavaScript","https://www.dembitskyi.com/uk/services/liposakcziya","https://www.dembitskyi.com/_next/static/chunks/1d61710333b6c138.js","0","","","0","Blocked by robots.txt","true","","","Root-Relative","//head/script[14]","Head","HTML"
"JavaScript","https://www.dembitskyi.com/uk/services/abdominoplastika","https://www.dembitskyi.com/_next/static/chunks/1d61710333b6c138.js","0","","","0","Blocked by robots.txt","true","","","Root-Relative","//head/script[14]","Head","HTML"
"JavaScript","https://www.dembitskyi.com/uk","https://www.dembitskyi.com/_next/static/chunks/7dd66bdf8a7e5707.js","0","","","0","Blocked by robots.txt","true","","","Root-Relative","//head/script[8]","Head","HTML"
"JavaScript","https://www.dembitskyi.com/uk/cases","https://www.dembitskyi.com/_next/static/chunks/7dd66bdf8a7e5707.js","0","","","0","Blocked by robots.txt","true","","","Root-Relative","//head/script[8]","Head","HTML"
"JavaScript","https://www.dembitskyi.com/uk/package-service/anti-age-kompleks","https://www.dembitskyi.com/_next/static/chunks/7dd66bdf8a7e5707.js","0","","","0","Blocked by robots.txt","true","","","Root-Relative","//head/script[8]","Head","HTML"
"JavaScript","https://www.dembitskyi.com/uk/package-service/mommy-makeover","https://www.dembitskyi.com/_next/static/chunks/7dd66bdf8a7e5707.js","0","","","0","Blocked by robots.txt","true","","","Root-Relative","//head/script[8]","Head","HTML"
"JavaScript","https://www.dembitskyi.com/uk/package-service/plaskij-zhivit","https://www.dembitskyi.com/_next/static/chunks/7dd66bdf8a7e5707.js","0","","","0","Blocked by robots.txt","true","","","Root-Relative","//head/script[8]","Head","HTML"
"JavaScript","https://www.dembitskyi.com/uk/blog","https://www.dembitskyi.com/_next/static/chunks/7dd66bdf8a7e5707.js","0","","","0","Blocked by robots.txt","true","","","Root-Relative","//head/script[8]","Head","HTML"
"JavaScript","https://www.dembitskyi.com/uk/cases/likuvannya-varikoznoyi-hvorobi-nizhnoyi-kinczivki","https://www.dembitskyi.com/_next/static/chunks/7dd66bdf8a7e5707.js","0","","","0","Blocked by robots.txt","true","","","Root-Relative","//head/script[8]","Head","HTML"
"JavaScript","https://www.dembitskyi.com/uk/package-service/vidkritij-poglyad","https://www.dembitskyi.com/_next/static/chunks/7dd66bdf8a7e5707.js","0","","","0","Blocked by robots.txt","true","","","Root-Relative","//head/script[8]","Head","HTML"
"JavaScript","https://www.dembitskyi.com/uk/about","https://www.dembitskyi.com/_next/static/chunks/7dd66bdf8a7e5707.js","0","","","0","Blocked by robots.txt","true","","","Root-Relative","//head/script[8]","Head","HTML"
"JavaScript","https://www.dembitskyi.com/uk/package-service/legkist-i-krasa-nig","https://www.dembitskyi.com/_next/static/chunks/7dd66bdf8a7e5707.js","0","","","0","Blocked by robots.txt","true","","","Root-Relative","//head/script[8]","Head","HTML"
"JavaScript","https://www.dembitskyi.com/uk/contacts","https://www.dembitskyi.com/_next/static/chunks/7dd66bdf8a7e5707.js","0","","","0","Blocked by robots.txt","true","","","Root-Relative","//head/script[8]","Head","HTML"
"JavaScript","https://www.dembitskyi.com/uk/services","https://www.dembitskyi.com/_next/static/chunks/7dd66bdf8a7e5707.js","0","","","0","Blocked by robots.txt","true","","","Root-Relative","//head/script[8]","Head","HTML"
"JavaScript","https://www.dembitskyi.com/uk/services/botuinoterapiya","https://www.dembitskyi.com/_next/static/chunks/7dd66bdf8a7e5707.js","0","","","0","Blocked by robots.txt","true","","","Root-Relative","//head/script[8]","Head","HTML"
"JavaScript","https://www.dembitskyi.com/uk/services/pidtyazhka-verhnih-i-nizhnih-kinczivok","https://www.dembitskyi.com/_next/static/chunks/7dd66bdf8a7e5707.js","0","","","0","Blocked by robots.txt","true","","","Root-Relative","//head/script[8]","Head","HTML"
"JavaScript","https://www.dembitskyi.com/uk/services/blefaroplastika","https://www.dembitskyi.com/_next/static/chunks/7dd66bdf8a7e5707.js","0","","","0","Blocked by robots.txt","true","","","Root-Relative","//head/script[8]","Head","HTML"
"JavaScript","https://www.dembitskyi.com/uk/services/fileri-na-osnovi-negialuronovih-spoluk","https://www.dembitskyi.com/_next/static/chunks/7dd66bdf8a7e5707.js","0","","","0","Blocked by robots.txt","true","","","Root-Relative","//head/script[8]","Head","HTML"
"JavaScript","https://www.dembitskyi.com/uk/services/minifleboktomiya","https://www.dembitskyi.com/_next/static/chunks/7dd66bdf8a7e5707.js","0","","","0","Blocked by robots.txt","true","","","Root-Relative","//head/script[8]","Head","HTML"
"JavaScript","https://www.dembitskyi.com/uk/services/skleroobliteracziya","https://www.dembitskyi.com/_next/static/chunks/7dd66bdf8a7e5707.js","0","","","0","Blocked by robots.txt","true","","","Root-Relative","//head/script[8]","Head","HTML"
"JavaScript","https://www.dembitskyi.com/uk/services/mamoplastika","https://www.dembitskyi.com/_next/static/chunks/7dd66bdf8a7e5707.js","0","","","0","Blocked by robots.txt","true","","","Root-Relative","//head/script[8]","Head","HTML"
"JavaScript","https://www.dembitskyi.com/uk/services/pidtyazhka-oblichchya","https://www.dembitskyi.com/_next/static/chunks/7dd66bdf8a7e5707.js","0","","","0","Blocked by robots.txt","true","","","Root-Relative","//head/script[8]","Head","HTML"
"JavaScript","https://www.dembitskyi.com/uk/services/fileri","https://www.dembitskyi.com/_next/static/chunks/7dd66bdf8a7e5707.js","0","","","0","Blocked by robots.txt","true","","","Root-Relative","//head/script[8]","Head","HTML"
"JavaScript","https://www.dembitskyi.com/uk/services/likuvannya-varikozu-lazerom","https://www.dembitskyi.com/_next/static/chunks/7dd66bdf8a7e5707.js","0","","","0","Blocked by robots.txt","true","","","Root-Relative","//head/script[8]","Head","HTML"
"JavaScript","https://www.dembitskyi.com/uk/services/liposakcziya","https://www.dembitskyi.com/_next/static/chunks/7dd66bdf8a7e5707.js","0","","","0","Blocked by robots.txt","true","","","Root-Relative","//head/script[8]","Head","HTML"
"JavaScript","https://www.dembitskyi.com/uk/services/abdominoplastika","https://www.dembitskyi.com/_next/static/chunks/7dd66bdf8a7e5707.js","0","","","0","Blocked by robots.txt","true","","","Root-Relative","//head/script[8]","Head","HTML"
"JavaScript","https://www.dembitskyi.com/uk/about","https://www.dembitskyi.com/_next/static/chunks/93b87cc2f3f01ebf.js","0","","","0","Blocked by robots.txt","true","","","Root-Relative","//head/script[15]","Head","HTML"
"Image","https://www.dembitskyi.com/uk/cases/likuvannya-varikoznoyi-hvorobi-nizhnoyi-kinczivki","https://www.dembitskyi.com/_next/image?url=https%3A%2F%2Fres.cloudinary.com%2Fdzpfb9jrb%2Fimage%2Fupload%2Fv1774539544%2Fcase_image_3b192fa93f.png&w=3840&q=75","0","Стан пацієнта до та після","","0","Blocked by robots.txt","true","","","Root-Relative","//body/div[3]/main/main/div/div/div[2]/div/div[2]/div/img","Content","HTML"
"JavaScript","https://www.dembitskyi.com/uk/cases/likuvannya-varikoznoyi-hvorobi-nizhnoyi-kinczivki","https://www.dembitskyi.com/_next/static/chunks/ceda3cbe32b3b383.js","0","","","0","Blocked by robots.txt","true","","","Root-Relative","//head/script[15]","Head","HTML"
"JavaScript","https://www.dembitskyi.com/uk/blog","https://www.dembitskyi.com/_next/static/chunks/300a7cd6c7419dc9.js","0","","","0","Blocked by robots.txt","true","","","Root-Relative","//head/script[15]","Head","HTML"
"JavaScript","https://www.dembitskyi.com/uk/package-service/anti-age-kompleks","https://www.dembitskyi.com/_next/static/chunks/eaac1ad0f9407005.js","0","","","0","Blocked by robots.txt","true","","","Root-Relative","//head/script[15]","Head","HTML"
"JavaScript","https://www.dembitskyi.com/uk/package-service/mommy-makeover","https://www.dembitskyi.com/_next/static/chunks/eaac1ad0f9407005.js","0","","","0","Blocked by robots.txt","true","","","Root-Relative","//head/script[15]","Head","HTML"
"JavaScript","https://www.dembitskyi.com/uk/package-service/plaskij-zhivit","https://www.dembitskyi.com/_next/static/chunks/eaac1ad0f9407005.js","0","","","0","Blocked by robots.txt","true","","","Root-Relative","//head/script[15]","Head","HTML"
"JavaScript","https://www.dembitskyi.com/uk/package-service/vidkritij-poglyad","https://www.dembitskyi.com/_next/static/chunks/eaac1ad0f9407005.js","0","","","0","Blocked by robots.txt","true","","","Root-Relative","//head/script[15]","Head","HTML"
"JavaScript","https://www.dembitskyi.com/uk/package-service/legkist-i-krasa-nig","https://www.dembitskyi.com/_next/static/chunks/eaac1ad0f9407005.js","0","","","0","Blocked by robots.txt","true","","","Root-Relative","//head/script[15]","Head","HTML"
"JavaScript","https://www.dembitskyi.com/uk/contacts","https://www.dembitskyi.com/_next/static/chunks/6ff6263742b9b1fa.js","0","","","0","Blocked by robots.txt","true","","","Root-Relative","//head/script[15]","Head","HTML"
"Image","https://www.dembitskyi.com/uk/contacts","https://www.dembitskyi.com/_next/image?url=%2Fimages%2F0655537E-4939-4EA3-AC61-75FE37A2B3BE-Photoroom%201.png&w=3840&q=75","0","Armchair with laptop","","0","Blocked by robots.txt","true","","","Root-Relative","//body/div[3]/main/div/div[1]/img","Content","HTML"
"JavaScript","https://www.dembitskyi.com/uk/cases","https://www.dembitskyi.com/_next/static/chunks/4dd6e832ba46a573.js","0","","","0","Blocked by robots.txt","true","","","Root-Relative","//head/script[15]","Head","HTML"
"JavaScript","https://www.dembitskyi.com/uk/services","https://www.dembitskyi.com/_next/static/chunks/3703b15528fdb92f.js","0","","","0","Blocked by robots.txt","true","","","Root-Relative","//head/script[15]","Head","HTML"
"JavaScript","https://www.dembitskyi.com/uk/services/botuinoterapiya","https://www.dembitskyi.com/_next/static/chunks/58975285c1ab2f2c.js","0","","","0","Blocked by robots.txt","true","","","Root-Relative","//head/script[15]","Head","HTML"
"JavaScript","https://www.dembitskyi.com/uk/services/pidtyazhka-verhnih-i-nizhnih-kinczivok","https://www.dembitskyi.com/_next/static/chunks/58975285c1ab2f2c.js","0","","","0","Blocked by robots.txt","true","","","Root-Relative","//head/script[15]","Head","HTML"
"JavaScript","https://www.dembitskyi.com/uk/services/blefaroplastika","https://www.dembitskyi.com/_next/static/chunks/58975285c1ab2f2c.js","0","","","0","Blocked by robots.txt","true","","","Root-Relative","//head/script[15]","Head","HTML"
"JavaScript","https://www.dembitskyi.com/uk/services/fileri-na-osnovi-negialuronovih-spoluk","https://www.dembitskyi.com/_next/static/chunks/58975285c1ab2f2c.js","0","","","0","Blocked by robots.txt","true","","","Root-Relative","//head/script[15]","Head","HTML"
"JavaScript","https://www.dembitskyi.com/uk/services/minifleboktomiya","https://www.dembitskyi.com/_next/static/chunks/58975285c1ab2f2c.js","0","","","0","Blocked by robots.txt","true","","","Root-Relative","//head/script[15]","Head","HTML"
"JavaScript","https://www.dembitskyi.com/uk/services/skleroobliteracziya","https://www.dembitskyi.com/_next/static/chunks/58975285c1ab2f2c.js","0","","","0","Blocked by robots.txt","true","","","Root-Relative","//head/script[15]","Head","HTML"
"JavaScript","https://www.dembitskyi.com/uk/services/mamoplastika","https://www.dembitskyi.com/_next/static/chunks/58975285c1ab2f2c.js","0","","","0","Blocked by robots.txt","true","","","Root-Relative","//head/script[15]","Head","HTML"
"JavaScript","https://www.dembitskyi.com/uk/services/pidtyazhka-oblichchya","https://www.dembitskyi.com/_next/static/chunks/58975285c1ab2f2c.js","0","","","0","Blocked by robots.txt","true","","","Root-Relative","//head/script[15]","Head","HTML"
"JavaScript","https://www.dembitskyi.com/uk/services/fileri","https://www.dembitskyi.com/_next/static/chunks/58975285c1ab2f2c.js","0","","","0","Blocked by robots.txt","true","","","Root-Relative","//head/script[15]","Head","HTML"
"JavaScript","https://www.dembitskyi.com/uk/services/likuvannya-varikozu-lazerom","https://www.dembitskyi.com/_next/static/chunks/58975285c1ab2f2c.js","0","","","0","Blocked by robots.txt","true","","","Root-Relative","//head/script[15]","Head","HTML"
"JavaScript","https://www.dembitskyi.com/uk/services/liposakcziya","https://www.dembitskyi.com/_next/static/chunks/58975285c1ab2f2c.js","0","","","0","Blocked by robots.txt","true","","","Root-Relative","//head/script[15]","Head","HTML"
"JavaScript","https://www.dembitskyi.com/uk/services/abdominoplastika","https://www.dembitskyi.com/_next/static/chunks/58975285c1ab2f2c.js","0","","","0","Blocked by robots.txt","true","","","Root-Relative","//head/script[15]","Head","HTML"
